Hãng xe,Dòng xe,Năm đăng ký,Số Km đã đi,Tình trạng,Loại xe,Dung tích xe,Xuất xứ,Chính sách bảo hành,Giá
Yamaha,Janus,2021,7000,Đã sử dụng,Tay ga,100 - 175 cc,Đang cập nhật,Bảo hành hãng,26.000.000 đ
Piaggio,Primavera,2019,5000,Đã sử dụng,Tay ga,100 - 175 cc,Đang cập nhật,Bảo hành hãng,52.000.000 đ
Honda,Wave,2014,35000,Đã sử dụng,Xe số,100 - 175 cc,Đang cập nhật,Bảo hành hãng,11.555.555 đ
Yamaha,Exciter,2010,45000,Đã sử dụng,Xe số,100 - 175 cc,Đang cập nhật,Bảo hành hãng,32.500.000 đ
Honda,Dream,2001,15000,Đã sử dụng,Xe số,100 - 175 cc,Đang cập nhật,Bảo hành hãng,7.600.000 đ
Yamaha,Grande,2019,9998,Đã sử dụng,Tay ga,100 - 175 cc,Đang cập nhật,Bảo hành hãng,32.000.000 đ
Piaggio,Sprint,2022,4800,Đã sử dụng,Tay ga,100 - 175 cc,Đang cập nhật,Bảo hành hãng,85.000.000 đ
Honda,Lead,2013,1800,Đã sử dụng,Tay ga,100 - 175 cc,Đang cập nhật,Bảo hành hãng,7.500.000 đ
Yamaha,Sirius,2012,45000,Đã sử dụng,Xe số,100 - 175 cc,Đang cập nhật,Bảo hành hãng,8.800.000 đ
Honda,Air Blade,2008,111111,Đã sử dụng,Tay ga,100 - 175 cc,Đang cập nhật,Bảo hành hãng,10.000.000 đ
Honda,Air Blade,2008,95000,Đã sử dụng,Tay ga,100 - 175 cc,Đang cập nhật,Bảo hành hãng,13.300.000 đ
Yamaha,Exciter,2021,9000,Đã sử dụng,Xe số,100 - 175 cc,Đang cập nhật,Bảo hành hãng,32.500.000 đ
Yamaha,Nvx,2017,15678,Đã sử dụng,Tay ga,100 - 175 cc,Đang cập nhật,Bảo hành hãng,24.500.000 đ
Honda,Dòng khác,2021,8000,Đã sử dụng,Tay côn/Moto,Trên 175 cc,Đang cập nhật,Bảo hành hãng,210.000.000 đ
Honda,Vision,2019,18236,Đã sử dụng,Tay ga,100 - 175 cc,Đang cập nhật,Bảo hành hãng,29.600.000 đ
Honda,Vario,2019,20000,Đã sử dụng,Tay ga,100 - 175 cc,Đang cập nhật,Bảo hành hãng,42.000.000 đ
Piaggio,Liberty,2014,16200,Đã sử dụng,Tay ga,100 - 175 cc,Đang cập nhật,Bảo hành hãng,7.600.000 đ
Piaggio,LX,2010,123456,Đã sử dụng,Tay ga,100 - 175 cc,Đang cập nhật,Bảo hành hãng,1.150.000 đ
Yamaha,Exciter,2017,10000,Đã sử dụng,Tay côn/Moto,100 - 175 cc,2,Đang cập nhật,17.000.000 đ
Honda,@,2002,25000,Đã sử dụng,Tay ga,100 - 175 cc,Đang cập nhật,Bảo hành hãng,33.000.000 đ
Yamaha,Dòng khác,2020,5600,Đã sử dụng,Tay ga,100 - 175 cc,Đang cập nhật,Bảo hành hãng,15.200.000 đ
Honda,Vario,2021,14,Đã sử dụng,Tay ga,100 - 175 cc,Đang cập nhật,Bảo hành hãng,40.000.000 đ
Yamaha,R,2019,5,Đã sử dụng,Tay côn/Moto,100 - 175 cc,Đang cập nhật,Bảo hành hãng,42.000.000 đ
Honda,SH,2012,5000,Đã sử dụng,Tay ga,100 - 175 cc,Đang cập nhật,Bảo hành hãng,168.000.000 đ
Visitor,Phoenix,2014,123,Đã sử dụng,Tay côn/Moto,100 - 175 cc,Đang cập nhật,Bảo hành hãng,22.000.000 đ
Hãng khác,Dòng khác,2022,10000,Đã sử dụng,Tay ga,50 - 100 cc,Đang cập nhật,Bảo hành hãng,12.800.000 đ
Hãng khác,Dòng khác,2005,200,Đã sử dụng,Xe số,100 - 175 cc,Đang cập nhật,Bảo hành hãng,8.200.000 đ
Honda,Air Blade,2011,5000,Đã sử dụng,Tay ga,100 - 175 cc,Đang cập nhật,Bảo hành hãng,7.800.000 đ
Honda,SH,2020,7500,Đã sử dụng,Tay ga,100 - 175 cc,Đang cập nhật,Bảo hành hãng,100.000.000 đ
Honda,Wave,2014,8888,Đã sử dụng,Xe số,100 - 175 cc,Việt Nam,Bảo hành hãng,5.200.000 đ
Piaggio,Liberty,2013,28000,Đã sử dụng,Tay ga,100 - 175 cc,Đang cập nhật,Bảo hành hãng,13.500.000 đ
Yamaha,Sirius,2016,21000,Đã sử dụng,Xe số,50 - 100 cc,Đang cập nhật,Bảo hành hãng,6.900.000 đ
Halim,Dòng khác,2022,2700,Đã sử dụng,Xe số,50 - 100 cc,Đang cập nhật,Bảo hành hãng,12.800.000 đ
Brixton,BX 150,2019,7000,Đã sử dụng,Tay côn/Moto,100 - 175 cc,1,Đang cập nhật,33.000.000 đ
Yamaha,Nouvo,2008,5659,Đã sử dụng,Tay côn/Moto,100 - 175 cc,Đang cập nhật,Bảo hành hãng,4.600.000 đ
Yamaha,Janus,2020,8600,Đã sử dụng,Tay ga,100 - 175 cc,Đang cập nhật,Bảo hành hãng,14.500.000 đ
Piaggio,Dòng khác,2010,24282,Đã sử dụng,Tay ga,100 - 175 cc,Đang cập nhật,Bảo hành hãng,5.000.000 đ
Yamaha,Sirius,2012,50000,Đã sử dụng,Xe số,100 - 175 cc,Đang cập nhật,Bảo hành hãng,7.500.000 đ
Yamaha,Exciter,2007,11111,Đã sử dụng,Xe số,100 - 175 cc,Đang cập nhật,Bảo hành hãng,46.999.999 đ
Kawasaki,Z125,2018,5,Đã sử dụng,Tay côn/Moto,100 - 175 cc,Đang cập nhật,Bảo hành hãng,33.000.000 đ
Honda,Dòng khác,2021,1818,Đã sử dụng,Tay ga,Không biết rõ,2,Đang cập nhật,918.000.000 đ
Honda,Lead,2021,10000,Đã sử dụng,Tay ga,100 - 175 cc,Đang cập nhật,Bảo hành hãng,36.500.000 đ
Yamaha,Jupiter,2012,89000,Đã sử dụng,Xe số,100 - 175 cc,Đang cập nhật,Bảo hành hãng,9.500.000 đ
Yamaha,Exciter,2010,2222,Đã sử dụng,Tay côn/Moto,100 - 175 cc,Việt Nam,Bảo hành hãng,26.000.000 đ
Honda,Wave,2013,2500,Đã sử dụng,Xe số,100 - 175 cc,Đang cập nhật,Bảo hành hãng,6.000.000 đ
Honda,Dream,1998,1349,Đã sử dụng,Xe số,50 - 100 cc,Đang cập nhật,Bảo hành hãng,4.500.000 đ
Honda,Chaly,trước năm 1980,49000,Đã sử dụng,Xe số,50 - 100 cc,Đang cập nhật,Bảo hành hãng,6.900.000 đ
Honda,CB,2022,2000,Đã sử dụng,Tay côn/Moto,Trên 175 cc,Đang cập nhật,Bảo hành hãng,225.000.000 đ
Honda,Cub,2010,100000,Đã sử dụng,Xe số,50 - 100 cc,Đang cập nhật,Bảo hành hãng,19.000.000 đ
SYM,Attila,2013,20000,Đã sử dụng,Tay ga,100 - 175 cc,Đang cập nhật,Bảo hành hãng,3.500.000 đ
Piaggio,Vespa,2022,19000,Đã sử dụng,Tay ga,100 - 175 cc,Đang cập nhật,Bảo hành hãng,61.000.000 đ
Hyosung,Dòng khác,2018,15526,Đã sử dụng,Tay côn/Moto,100 - 175 cc,Đang cập nhật,Bảo hành hãng,15.000.000 đ
Yamaha,Dòng khác,2023,12000,Đã sử dụng,Tay côn/Moto,Trên 175 cc,Đang cập nhật,Bảo hành hãng,465.000.000 đ
Honda,Lead,2021,7000,Đã sử dụng,Tay ga,100 - 175 cc,Đang cập nhật,Bảo hành hãng,32.000.000 đ
Piaggio,Zip,2013,19000,Đã sử dụng,Tay ga,100 - 175 cc,Đang cập nhật,Bảo hành hãng,11.500.000 đ
Honda,CD,2001,12000,Đã sử dụng,Tay côn/Moto,100 - 175 cc,Đang cập nhật,Bảo hành hãng,78.000.000 đ
Honda,Click,2011,30,Đã sử dụng,Tay ga,100 - 175 cc,Đang cập nhật,Bảo hành hãng,17.900.000 đ
Ducati,Monster,2017,50000,Đã sử dụng,Tay côn/Moto,100 - 175 cc,Đang cập nhật,Bảo hành hãng,9.000.000 đ
Visitor,Bios,2018,9999,Đã sử dụng,Tay côn/Moto,100 - 175 cc,Đang cập nhật,Bảo hành hãng,29.500.000 đ
Honda,Wave,2010,36000,Đã sử dụng,Xe số,50 - 100 cc,Đang cập nhật,Bảo hành hãng,9.800.000 đ
Honda,Winner,2017,20,Đã sử dụng,Tay côn/Moto,100 - 175 cc,Đang cập nhật,Bảo hành hãng,23.000.000 đ
Honda,Wave,2014,39000,Đã sử dụng,Xe số,100 - 175 cc,Đang cập nhật,Bảo hành hãng,9.800.000 đ
Honda,67,2019,10000,Đã sử dụng,Tay côn/Moto,50 - 100 cc,Đang cập nhật,Bảo hành hãng,125.000.000 đ
Yamaha,Sirius,2009,999,Đã sử dụng,Xe số,100 - 175 cc,Đang cập nhật,Bảo hành hãng,5.900.000 đ
Yamaha,Sirius,2013,35000,Đã sử dụng,Xe số,Dưới 50 cc,Đang cập nhật,Bảo hành hãng,5.200.000 đ
Yamaha,Exciter,2017,30,Đã sử dụng,Tay côn/Moto,100 - 175 cc,Đang cập nhật,Bảo hành hãng,18.000.000 đ
Piaggio,Vespa,2014,8888,Đã sử dụng,Tay ga,100 - 175 cc,Đang cập nhật,Bảo hành hãng,39.500.000 đ
Piaggio,Sprint,2014,21000,Đã sử dụng,Tay ga,100 - 175 cc,Đang cập nhật,Bảo hành hãng,39.800.000 đ
Suzuki,GSX,2018,132,Đã sử dụng,Tay côn/Moto,100 - 175 cc,Đang cập nhật,Bảo hành hãng,50.000.000 đ
Honda,Air Blade,2012,140000,Đã sử dụng,Tay ga,100 - 175 cc,Đang cập nhật,Bảo hành hãng,14.500.000 đ
Yamaha,Jupiter,2007,9000,Đã sử dụng,Xe số,100 - 175 cc,Đang cập nhật,Bảo hành hãng,7.200.000 đ
Yamaha,Exciter,2013,48000,Đã sử dụng,Tay côn/Moto,100 - 175 cc,Đang cập nhật,Bảo hành hãng,11.800.000 đ
Hãng khác,Dòng khác,2007,246810,Đã sử dụng,Xe số,100 - 175 cc,Đang cập nhật,Bảo hành hãng,3.200.000 đ
Yamaha,Nouvo,2015,466358,Đã sử dụng,Tay ga,100 - 175 cc,Đang cập nhật,Bảo hành hãng,16.000.000 đ
Piaggio,LX,2013,22000,Đã sử dụng,Tay ga,100 - 175 cc,Đang cập nhật,Bảo hành hãng,16.800.000 đ
Honda,Scoopy,2022,2100,Đã sử dụng,Tay ga,100 - 175 cc,Đang cập nhật,Bảo hành hãng,39.500.000 đ
Yamaha,Sirius,2015,10874,Đã sử dụng,Xe số,Dưới 50 cc,Hàn Quốc,Bảo hành hãng,6.800.000 đ
Yamaha,MT,2021,4500,Đã sử dụng,Tay côn/Moto,100 - 175 cc,Đang cập nhật,Bảo hành hãng,89.500.000 đ
Honda,Wave,2017,30,Đã sử dụng,Xe số,100 - 175 cc,Đang cập nhật,Bảo hành hãng,11.000.000 đ
Piaggio,Vespa,2022,7300,Đã sử dụng,Tay ga,100 - 175 cc,Đang cập nhật,Bảo hành hãng,65.000.000 đ
Honda,Wave,2015,22000,Đã sử dụng,Xe số,100 - 175 cc,Đang cập nhật,Bảo hành hãng,13.800.000 đ
Honda,Winner,2018,20000,Đã sử dụng,Tay côn/Moto,100 - 175 cc,Nước khác,Bảo hành hãng,16.900.000 đ
Piaggio,Liberty,2014,8000,Đã sử dụng,Tay ga,100 - 175 cc,Đang cập nhật,Bảo hành hãng,8.500.000 đ
Honda,Wave,2008,1,Đã sử dụng,Xe số,50 - 100 cc,Đang cập nhật,Bảo hành hãng,8.500.000 đ
Suzuki,Dòng khác,2019,7000,Đã sử dụng,Tay ga,100 - 175 cc,Đang cập nhật,Bảo hành hãng,44.000.000 đ
Honda,Future,2012,656568,Đã sử dụng,Xe số,100 - 175 cc,Đang cập nhật,Bảo hành hãng,4.500.000 đ
Honda,Future,2005,30000,Đã sử dụng,Xe số,100 - 175 cc,Đang cập nhật,Bảo hành hãng,19.000.000 đ
Honda,Sonic,2020,15000,Đã sử dụng,Tay côn/Moto,100 - 175 cc,Đang cập nhật,Bảo hành hãng,33.500.000 đ
Honda,SH Mode,2013,25000,Đã sử dụng,Tay ga,100 - 175 cc,Đang cập nhật,Bảo hành hãng,30.800.000 đ
Yamaha,Exciter,2007,25000,Đã sử dụng,Tay côn/Moto,100 - 175 cc,Đang cập nhật,Bảo hành hãng,35.500.000 đ
Yamaha,Sirius,2020,8000,Đã sử dụng,Xe số,100 - 175 cc,Đang cập nhật,Bảo hành hãng,7.800.000 đ
Yamaha,Nouvo,2011,42589,Đã sử dụng,Tay ga,Trên 175 cc,Đang cập nhật,Bảo hành hãng,4.200.000 đ
Yamaha,Exciter,2018,30000,Đã sử dụng,Tay côn/Moto,100 - 175 cc,Đang cập nhật,Bảo hành hãng,22.000.000 đ
Yamaha,Exciter,2016,10000,Đã sử dụng,Tay ga,100 - 175 cc,Đang cập nhật,Bảo hành hãng,15.500.000 đ
Honda,Vision,2013,2599,Đã sử dụng,Tay ga,100 - 175 cc,Đang cập nhật,Bảo hành hãng,10.800.000 đ
Yamaha,Nvx,2020,1000,Đã sử dụng,Tay ga,100 - 175 cc,Đang cập nhật,Bảo hành hãng,19.800.000 đ
Honda,SH,2009,50000,Đã sử dụng,Tay ga,100 - 175 cc,Đang cập nhật,Bảo hành hãng,70.000.000 đ
SYM,Attila,2006,1,Đã sử dụng,Tay ga,50 - 100 cc,Đang cập nhật,Bảo hành hãng,2.200.000 đ
Kymco,K-Pipe,2020,3500,Đã sử dụng,Tay côn/Moto,50 - 100 cc,Đang cập nhật,Bảo hành hãng,15.000.000 đ
Yamaha,Grande,2020,9,Đã sử dụng,Tay ga,100 - 175 cc,Đang cập nhật,Bảo hành hãng,35.000.000 đ
Suzuki,Axelo,2014,75000,Đã sử dụng,Tay côn/Moto,100 - 175 cc,Đang cập nhật,Bảo hành hãng,8.800.000 đ
Yamaha,Mio,2006,123456,Đã sử dụng,Tay ga,50 - 100 cc,Đang cập nhật,Bảo hành hãng,5.700.000 đ
SYM,Attila,2009,48000,Đã sử dụng,Tay ga,100 - 175 cc,Đang cập nhật,Bảo hành hãng,2.800.000 đ
Yamaha,Exciter,2012,48000,Đã sử dụng,Tay côn/Moto,100 - 175 cc,Đang cập nhật,Bảo hành hãng,17.200.000 đ
Hãng khác,Dòng khác,2009,12345,Đã sử dụng,Xe số,100 - 175 cc,Đang cập nhật,Bảo hành hãng,3.900.000 đ
Honda,Dream,2001,456789,Đã sử dụng,Xe số,100 - 175 cc,Đang cập nhật,Bảo hành hãng,3.200.000 đ
Honda,Cub,1999,350000,Đã sử dụng,Xe số,50 - 100 cc,Đang cập nhật,Bảo hành hãng,8.700.000 đ
Honda,SH Mode,2014,10000,Đã sử dụng,Tay ga,100 - 175 cc,Đang cập nhật,Bảo hành hãng,34.000.000 đ
Honda,SH,2019,16000,Đã sử dụng,Tay ga,Trên 175 cc,Đang cập nhật,Bảo hành hãng,205.000.000 đ
Honda,Vision,2014,17000,Đã sử dụng,Tay ga,100 - 175 cc,Đang cập nhật,Bảo hành hãng,17.900.000 đ
Honda,Air Blade,2014,13600,Đã sử dụng,Tay ga,100 - 175 cc,Đang cập nhật,Bảo hành hãng,11.800.000 đ
Honda,Dream,2011,16,Đã sử dụng,Xe số,100 - 175 cc,Đang cập nhật,Bảo hành hãng,19.000.000 đ
Hãng khác,Dòng khác,2016,222,Đã sử dụng,Tay côn/Moto,Dưới 50 cc,Đang cập nhật,Bảo hành hãng,4.800.000 đ
Honda,Dòng khác,2020,10000,Đã sử dụng,Tay côn/Moto,Trên 175 cc,Đang cập nhật,Bảo hành hãng,40.000.000 đ
Kawasaki,Max,1998,100000,Đã sử dụng,Xe số,50 - 100 cc,Đang cập nhật,Bảo hành hãng,3.000.000 đ
Yamaha,Nouvo,2012,62000,Đã sử dụng,Tay ga,100 - 175 cc,Đang cập nhật,Bảo hành hãng,12.000.000 đ
SYM,Attila,2012,10000,Đã sử dụng,Xe số,100 - 175 cc,Đài Loan,Bảo hành hãng,2.500.000 đ
Honda,Air Blade,2014,26000,Đã sử dụng,Tay ga,100 - 175 cc,Đang cập nhật,Bảo hành hãng,23.800.000 đ
Triumph,Street Twin,2019,32000,Đã sử dụng,Tay côn/Moto,Trên 175 cc,Đang cập nhật,Bảo hành hãng,265.000.000 đ
Honda,SH,2019,1,Đã sử dụng,Tay ga,100 - 175 cc,Đang cập nhật,Bảo hành hãng,74.000.000 đ
Honda,SH,2021,10457,Đã sử dụng,Tay ga,100 - 175 cc,Đang cập nhật,Bảo hành hãng,58.000.000 đ
Yamaha,Sirius,2013,600000,Đã sử dụng,Xe số,100 - 175 cc,Đang cập nhật,Bảo hành hãng,10.500.000 đ
Honda,Vario,2021,1600,Đã sử dụng,Tay ga,100 - 175 cc,Đang cập nhật,Bảo hành hãng,53.800.000 đ
Yamaha,Janus,2021,2500,Đã sử dụng,Tay ga,100 - 175 cc,Đang cập nhật,Bảo hành hãng,14.800.000 đ
Honda,Blade,2020,8000,Đã sử dụng,Xe số,100 - 175 cc,Đang cập nhật,Bảo hành hãng,16.000.000 đ
Honda,SH,2021,4500,Đã sử dụng,Tay ga,100 - 175 cc,Đang cập nhật,Bảo hành hãng,69.800.000 đ
Honda,CBR,2021,4000,Đã sử dụng,Tay côn/Moto,Trên 175 cc,Đang cập nhật,Bảo hành hãng,125.000.000 đ
Honda,SH,2023,566789,Đã sử dụng,Tay ga,100 - 175 cc,Đang cập nhật,Bảo hành hãng,45.566.789 đ
Yamaha,Exciter,2015,19000,Đã sử dụng,Xe số,100 - 175 cc,Đang cập nhật,Bảo hành hãng,21.800.000 đ
Honda,Wave,2005,9999,Đã sử dụng,Xe số,100 - 175 cc,Đang cập nhật,Bảo hành hãng,28.800.000 đ
Yamaha,Nouvo,2015,21,Đã sử dụng,Tay ga,100 - 175 cc,Đang cập nhật,Bảo hành hãng,7.800.000 đ
Suzuki,Axelo,2014,19000,Đã sử dụng,Tay côn/Moto,100 - 175 cc,Nhật Bản,Bảo hành hãng,7.200.000 đ
Yamaha,Grande,2019,11,Đã sử dụng,Tay ga,100 - 175 cc,Đang cập nhật,Bảo hành hãng,36.800.000 đ
Piaggio,Primavera,2020,11,Đã sử dụng,Tay ga,100 - 175 cc,Đang cập nhật,Bảo hành hãng,55.000.000 đ
Honda,Vision,2019,213322,Đã sử dụng,Tay ga,100 - 175 cc,Đang cập nhật,Bảo hành hãng,24.000.000 đ
Honda,Future,2004,36000,Đã sử dụng,Xe số,100 - 175 cc,Đang cập nhật,Bảo hành hãng,16.800.000 đ
Yamaha,Exciter,2014,56789,Đã sử dụng,Xe số,100 - 175 cc,Đang cập nhật,Bảo hành hãng,25.000.000 đ
Yamaha,Grande,2015,42000,Đã sử dụng,Tay ga,100 - 175 cc,Đang cập nhật,Bảo hành hãng,19.999.999 đ
Honda,Air Blade,2011,6000,Đã sử dụng,Tay ga,100 - 175 cc,Đang cập nhật,Bảo hành hãng,14.500.000 đ
Honda,SH Mode,2014,22345,Đã sử dụng,Tay ga,100 - 175 cc,Đang cập nhật,Bảo hành hãng,36.800.000 đ
Honda,CB,2020,15030,Đã sử dụng,Tay côn/Moto,Trên 175 cc,Đang cập nhật,Bảo hành hãng,179.000.000 đ
Honda,SH,2010,28000,Đã sử dụng,Tay ga,100 - 175 cc,Đang cập nhật,Bảo hành hãng,98.000.000 đ
Honda,SH,2019,17000,Đã sử dụng,Tay ga,100 - 175 cc,Đang cập nhật,Bảo hành hãng,88.000.000 đ
Piaggio,Sprint,2019,11000,Đã sử dụng,Tay ga,100 - 175 cc,Đang cập nhật,Bảo hành hãng,63.500.000 đ
Yamaha,Nouvo,2011,55555,Đã sử dụng,Tay ga,50 - 100 cc,Đang cập nhật,Bảo hành hãng,6.200.000 đ
Yamaha,Janus,2019,1000,Đã sử dụng,Tay ga,Trên 175 cc,Đang cập nhật,Bảo hành hãng,17.500.000 đ
Honda,Lead,2020,10000,Đã sử dụng,Tay ga,100 - 175 cc,Đang cập nhật,Bảo hành hãng,26.500.000 đ
Honda,PCX,2011,15000,Đã sử dụng,Tay ga,100 - 175 cc,Đang cập nhật,Bảo hành hãng,28.000.000 đ
Yamaha,Nouvo,2013,28000,Đã sử dụng,Tay ga,100 - 175 cc,Đang cập nhật,Bảo hành hãng,11.900.000 đ
Honda,Wave,2009,20,Đã sử dụng,Xe số,100 - 175 cc,Đang cập nhật,Bảo hành hãng,36.500.000 đ
Piaggio,Vespa,2010,34567,Đã sử dụng,Tay ga,100 - 175 cc,Đang cập nhật,Bảo hành hãng,9.500.000 đ
Yamaha,Grande,2021,2599,Đã sử dụng,Tay ga,100 - 175 cc,Đang cập nhật,Bảo hành hãng,18.000.000 đ
Yamaha,Exciter,2013,15,Đã sử dụng,Tay côn/Moto,100 - 175 cc,Đang cập nhật,Bảo hành hãng,13.800.000 đ
Piaggio,Sprint,2015,29000,Đã sử dụng,Tay ga,100 - 175 cc,Đang cập nhật,Bảo hành hãng,38.000.000 đ
Yamaha,Jupiter,2017,40000,Đã sử dụng,Xe số,100 - 175 cc,Đang cập nhật,Bảo hành hãng,13.000.000 đ
Yamaha,Jupiter,2006,77,Đã sử dụng,Xe số,100 - 175 cc,Đang cập nhật,Bảo hành hãng,8.500.000 đ
Piaggio,Liberty,2014,21000,Đã sử dụng,Tay ga,100 - 175 cc,Đang cập nhật,Bảo hành hãng,22.500.000 đ
Suzuki,GN,2001,100000,Đã sử dụng,Tay côn/Moto,100 - 175 cc,Đang cập nhật,Bảo hành hãng,17.000.000 đ
Yamaha,Jupiter,2022,4000,Đã sử dụng,Xe số,100 - 175 cc,Đang cập nhật,Bảo hành hãng,24.500.000 đ
Honda,Lead,2018,18000,Đã sử dụng,Tay ga,100 - 175 cc,Đang cập nhật,Bảo hành hãng,27.800.000 đ
Honda,Wave,2004,30000,Đã sử dụng,Xe số,100 - 175 cc,Đang cập nhật,Bảo hành hãng,13.500.000 đ
Yamaha,Grande,2022,3200,Đã sử dụng,Tay ga,100 - 175 cc,Đang cập nhật,Bảo hành hãng,39.500.000 đ
Honda,Click,2012,12345,Đã sử dụng,Tay ga,100 - 175 cc,Đang cập nhật,Bảo hành hãng,13.300.000 đ
Yamaha,Nouvo,2012,20000,Đã sử dụng,Tay ga,100 - 175 cc,Đang cập nhật,Bảo hành hãng,10.800.000 đ
Piaggio,Vespa,2010,48000,Đã sử dụng,Tay ga,100 - 175 cc,Đang cập nhật,Bảo hành hãng,9.300.000 đ
Honda,SH Mode,2016,40111,Đã sử dụng,Tay ga,100 - 175 cc,Đang cập nhật,Bảo hành hãng,42.000.000 đ
Yamaha,Exciter,2016,8000,Đã sử dụng,Tay côn/Moto,100 - 175 cc,Đang cập nhật,Bảo hành hãng,11.500.000 đ
Honda,Future,2011,57000,Đã sử dụng,Xe số,100 - 175 cc,Đang cập nhật,Bảo hành hãng,40.800.000 đ
Piaggio,Liberty,2012,45678,Đã sử dụng,Tay ga,100 - 175 cc,Đang cập nhật,Bảo hành hãng,11.000.000 đ
Honda,Nova,1996,119,Đã sử dụng,Tay côn/Moto,100 - 175 cc,Đang cập nhật,Bảo hành hãng,1.000 đ
Yamaha,TFX,2019,3800,Đã sử dụng,Tay côn/Moto,100 - 175 cc,Đang cập nhật,Bảo hành hãng,39.500.000 đ
Yamaha,Nouvo,2015,30000,Đã sử dụng,Tay ga,100 - 175 cc,Đang cập nhật,Bảo hành hãng,11.500.000 đ
Honda,Air Blade,2022,800,Đã sử dụng,Tay ga,100 - 175 cc,Đang cập nhật,Bảo hành hãng,40.500.000 đ
Honda,Click,2019,9000,Đã sử dụng,Tay ga,100 - 175 cc,Đang cập nhật,Bảo hành hãng,69.900.000 đ
Honda,Air Blade,2012,21000,Đã sử dụng,Tay ga,100 - 175 cc,Đang cập nhật,Bảo hành hãng,15.000.000 đ
Yamaha,Nouvo,2013,100000,Đã sử dụng,Tay ga,100 - 175 cc,Đang cập nhật,Bảo hành hãng,8.500.000 đ
Honda,SH,2015,17142,Đã sử dụng,Tay ga,100 - 175 cc,Đang cập nhật,Bảo hành hãng,57.000.000 đ
Honda,Winner X,2019,18000,Đã sử dụng,Tay côn/Moto,100 - 175 cc,Đang cập nhật,Bảo hành hãng,22.000.000 đ
Honda,Air Blade,2023,300,Đã sử dụng,Tay ga,100 - 175 cc,Đang cập nhật,Bảo hành hãng,38.500.000 đ
Honda,Wave,2003,52248,Đã sử dụng,Xe số,100 - 175 cc,Đang cập nhật,Bảo hành hãng,12.000.000 đ
Honda,SH,2016,32000,Đã sử dụng,Tay ga,100 - 175 cc,Đang cập nhật,Bảo hành hãng,65.500.000 đ
Honda,Wave,2017,1222,Đã sử dụng,Xe số,100 - 175 cc,Đang cập nhật,Bảo hành hãng,5.800.000 đ
Honda,Wave,2014,30000,Đã sử dụng,Xe số,100 - 175 cc,Nhật Bản,Bảo hành hãng,10.600.000 đ
RebelUSA,CBR,2011,25000,Đã sử dụng,Tay côn/Moto,100 - 175 cc,Đang cập nhật,Bảo hành hãng,19.000.000 đ
Ducati,Monster,2021,5000,Đã sử dụng,Tay côn/Moto,100 - 175 cc,1,Đang cập nhật,12.000.000 đ
Honda,Wave,1996,20000,Đã sử dụng,Xe số,100 - 175 cc,Đang cập nhật,Bảo hành hãng,1.500.000 đ
Yamaha,Nouvo,2012,626420,Đã sử dụng,Tay ga,100 - 175 cc,Việt Nam,Bảo hành hãng,2.000.000 đ
Honda,SH,2013,59000,Đã sử dụng,Tay ga,100 - 175 cc,Đang cập nhật,Bảo hành hãng,79.000.000 đ
Honda,SH,2015,888,Đã sử dụng,Tay ga,Trên 175 cc,Đang cập nhật,Bảo hành hãng,59.500.000 đ
Honda,Wave,2002,20000,Đã sử dụng,Xe số,100 - 175 cc,Đang cập nhật,Bảo hành hãng,9.300.000 đ
Yamaha,Grande,2016,19116,Đã sử dụng,Tay ga,100 - 175 cc,Đang cập nhật,Bảo hành hãng,20.500.000 đ
Yamaha,Mio,2007,500000,Đã sử dụng,Tay ga,100 - 175 cc,Đang cập nhật,Bảo hành hãng,5.000.000 đ
Honda,PCX,2018,9500,Đã sử dụng,Tay ga,100 - 175 cc,Đang cập nhật,Bảo hành hãng,1.234.567 đ
Honda,Wave,2015,2000,Đã sử dụng,Xe số,50 - 100 cc,Đang cập nhật,Bảo hành hãng,12.900.000 đ
Yamaha,Exciter,2022,5999,Đã sử dụng,Tay côn/Moto,100 - 175 cc,Đang cập nhật,Bảo hành hãng,22.500.000 đ
Honda,Cub,1996,1999,Đã sử dụng,Xe số,50 - 100 cc,Nhật Bản,Bảo hành hãng,10.800.000 đ
Honda,PS,2007,58000,Đã sử dụng,Tay ga,100 - 175 cc,Đang cập nhật,Bảo hành hãng,28.800.000 đ
Honda,Wave,2000,15000,Đã sử dụng,Xe số,100 - 175 cc,Đang cập nhật,Bảo hành hãng,49.999.999 đ
Honda,PS,2009,52000,Đã sử dụng,Tay ga,100 - 175 cc,Đang cập nhật,Bảo hành hãng,22.500.000 đ
Honda,Wave,2020,18600,Đã sử dụng,Xe số,100 - 175 cc,Đang cập nhật,Bảo hành hãng,12.200.000 đ
Yamaha,Exciter,2016,45000,Đã sử dụng,Tay côn/Moto,100 - 175 cc,Đang cập nhật,Bảo hành hãng,21.800.000 đ
Yamaha,Cuxi,2011,21000,Đã sử dụng,Tay ga,100 - 175 cc,Đang cập nhật,Bảo hành hãng,17.900.000 đ
Honda,Dòng khác,2015,50000,Đã sử dụng,Tay côn/Moto,Trên 175 cc,Đang cập nhật,Bảo hành hãng,78.000.000 đ
Honda,Wave,2012,22000,Đã sử dụng,Tay ga,100 - 175 cc,Đang cập nhật,Bảo hành hãng,6.800.000 đ
Honda,Future,2023,20000,Đã sử dụng,Xe số,100 - 175 cc,Đang cập nhật,Bảo hành hãng,18.000.000 đ
SYM,Shark,2010,30000,Đã sử dụng,Tay ga,100 - 175 cc,Đang cập nhật,Bảo hành hãng,7.500.000 đ
Honda,Sonic,2020,20000,Đã sử dụng,Xe số,100 - 175 cc,Đang cập nhật,Bảo hành hãng,30.000.000 đ
Hãng khác,Dòng khác,2021,5000,Đã sử dụng,Xe số,Dưới 50 cc,Đang cập nhật,Bảo hành hãng,1.234.567 đ
Yamaha,Exciter,2011,9400,Đã sử dụng,Xe số,100 - 175 cc,Đang cập nhật,Bảo hành hãng,28.000.000 đ
Honda,Air Blade,2012,6398,Đã sử dụng,Tay ga,100 - 175 cc,Đang cập nhật,Bảo hành hãng,11.500.000 đ
Suzuki,Sport / Xipo,2013,5000,Đã sử dụng,Tay côn/Moto,100 - 175 cc,Đang cập nhật,Bảo hành hãng,42.000.000 đ
Honda,Vision,2014,10000,Đã sử dụng,Tay ga,100 - 175 cc,Đang cập nhật,Bảo hành hãng,15.500.000 đ
Honda,Vision,2017,34000,Đã sử dụng,Tay ga,100 - 175 cc,Đang cập nhật,Bảo hành hãng,22.300.000 đ
Honda,SH,2017,47659,Đã sử dụng,Tay ga,100 - 175 cc,Đang cập nhật,Bảo hành hãng,75.000.000 đ
Piaggio,Vespa,2023,3000,Đã sử dụng,Tay ga,100 - 175 cc,Đang cập nhật,Bảo hành hãng,75.000.000 đ
Honda,Vario,2018,16000,Đã sử dụng,Tay ga,100 - 175 cc,Đang cập nhật,Bảo hành hãng,60.000.000 đ
Honda,Air Blade,2009,9000,Đã sử dụng,Tay ga,100 - 175 cc,Đang cập nhật,Bảo hành hãng,8.000.000 đ
Honda,CBR,2008,40000,Đã sử dụng,Tay côn/Moto,Trên 175 cc,Đang cập nhật,Bảo hành hãng,168.000.000 đ
Honda,CBR,2015,1500,Đã sử dụng,Tay côn/Moto,100 - 175 cc,Đang cập nhật,Bảo hành hãng,28.500.000 đ
Honda,SH Mode,2016,12000,Đã sử dụng,Tay ga,100 - 175 cc,Đang cập nhật,Bảo hành hãng,38.500.000 đ
Honda,Wave,2015,25000,Đã sử dụng,Xe số,100 - 175 cc,Đang cập nhật,Bảo hành hãng,13.000.000 đ
Honda,Future,2020,10000,Đã sử dụng,Xe số,100 - 175 cc,Đang cập nhật,Bảo hành hãng,50.000.000 đ
GPX,Rock,2021,80000,Đã sử dụng,Tay côn/Moto,Trên 175 cc,Đang cập nhật,Bảo hành hãng,46.000.000 đ
Honda,Air Blade,2013,38000,Đã sử dụng,Tay ga,100 - 175 cc,Đang cập nhật,Bảo hành hãng,11.800.000 đ
Honda,Dòng khác,2001,456789,Đã sử dụng,Tay ga,Dưới 50 cc,Đang cập nhật,Bảo hành hãng,16.500.000 đ
Honda,Dream,2018,10000,Đã sử dụng,Xe số,50 - 100 cc,Đang cập nhật,Bảo hành hãng,22.000.000 đ
Piaggio,Medley,2021,25000,Đã sử dụng,Tay ga,100 - 175 cc,Đang cập nhật,Bảo hành hãng,56.500.000 đ
Honda,Air Blade,2015,6000,Đã sử dụng,Tay ga,100 - 175 cc,Đang cập nhật,Bảo hành hãng,20.800.000 đ
Honda,Future,2022,2268,Đã sử dụng,Xe số,100 - 175 cc,Đang cập nhật,Bảo hành hãng,56.666.666 đ
Honda,Air Blade,2014,18932,Đã sử dụng,Tay ga,100 - 175 cc,Đang cập nhật,Bảo hành hãng,21.800.000 đ
Suzuki,GZ,2013,50000,Đã sử dụng,Tay côn/Moto,100 - 175 cc,Đang cập nhật,Bảo hành hãng,42.000.000 đ
Yamaha,Exciter,2017,13000,Đã sử dụng,Tay côn/Moto,100 - 175 cc,Đang cập nhật,Bảo hành hãng,22.000.000 đ
Honda,Winner X,2019,31000,Đã sử dụng,Tay côn/Moto,100 - 175 cc,Đang cập nhật,Bảo hành hãng,19.000.000 đ
Piaggio,Primavera,2015,8000,Đã sử dụng,Tay ga,100 - 175 cc,Đang cập nhật,Bảo hành hãng,28.800.000 đ
Honda,Cub,1999,30,Đã sử dụng,Xe số,Dưới 50 cc,Đang cập nhật,Bảo hành hãng,9.000.000 đ
Honda,SH,2019,31000,Đã sử dụng,Tay ga,100 - 175 cc,Đang cập nhật,Bảo hành hãng,46.800.000 đ
Honda,Air Blade,2019,3870,Đã sử dụng,Tay ga,100 - 175 cc,Đang cập nhật,Bảo hành hãng,110.000.000 đ
Honda,Wave,2018,1211,Đã sử dụng,Xe số,100 - 175 cc,Đang cập nhật,Bảo hành hãng,5.800.000 đ
Suzuki,EN,2015,12345,Đã sử dụng,Tay côn/Moto,100 - 175 cc,Đang cập nhật,Bảo hành hãng,35.000.000 đ
Honda,SH,2020,9393,Đã sử dụng,Tay ga,100 - 175 cc,Đang cập nhật,Bảo hành hãng,54.000.000 đ
Honda,Wave,2014,18600,Đã sử dụng,Xe số,100 - 175 cc,Đang cập nhật,Bảo hành hãng,6.800.000 đ
Yamaha,Nouvo,1985,50000,Đã sử dụng,Tay ga,100 - 175 cc,Đang cập nhật,Bảo hành hãng,2.300.000 đ
Yamaha,Exciter,2016,25000,Đã sử dụng,Xe số,100 - 175 cc,Đang cập nhật,Bảo hành hãng,32.800.000 đ
Honda,Air Blade,2009,4567,Đã sử dụng,Tay ga,100 - 175 cc,Đang cập nhật,Bảo hành hãng,9.300.000 đ
Honda,Dream,2001,1000,Đã sử dụng,Xe số,100 - 175 cc,Đang cập nhật,Bảo hành hãng,13.000.000 đ
Honda,SH,2023,1300,Đã sử dụng,Tay ga,100 - 175 cc,Đang cập nhật,Bảo hành hãng,120.000.000 đ
Yamaha,Jupiter,2022,3000,Đã sử dụng,Xe số,100 - 175 cc,Việt Nam,Bảo hành hãng,12.500.000 đ
Yamaha,Exciter,2016,11000,Đã sử dụng,Tay côn/Moto,100 - 175 cc,Đang cập nhật,Bảo hành hãng,20.500.000 đ
Honda,Wave,2005,45789,Đã sử dụng,Xe số,100 - 175 cc,Đang cập nhật,Bảo hành hãng,123.456.789 đ
Suzuki,Satria,2018,30000,Đã sử dụng,Tay côn/Moto,100 - 175 cc,Đang cập nhật,Bảo hành hãng,22.000.000 đ
Honda,Wave,2005,123456,Đã sử dụng,Xe số,100 - 175 cc,Đang cập nhật,Bảo hành hãng,22.000.000 đ
Yamaha,Exciter,2022,13000,Đã sử dụng,Tay côn/Moto,100 - 175 cc,Đang cập nhật,Bảo hành hãng,33.500.000 đ
Honda,Wave,2017,5000,Đã sử dụng,Xe số,100 - 175 cc,Đang cập nhật,Bảo hành hãng,7.800.000 đ
Honda,Air Blade,2014,24000,Đã sử dụng,Tay ga,100 - 175 cc,Đang cập nhật,Bảo hành hãng,17.800.000 đ
Honda,Vision,2022,1,Đã sử dụng,Xe số,100 - 175 cc,Đang cập nhật,Bảo hành hãng,37.900.000 đ
Honda,Future,2012,19868,Đã sử dụng,Xe số,100 - 175 cc,Việt Nam,Bảo hành hãng,15.500.000 đ
Honda,Air Blade,2010,21,Đã sử dụng,Tay ga,100 - 175 cc,Đang cập nhật,Bảo hành hãng,20.800.000 đ
Honda,Dream,2015,333666,Đã sử dụng,Xe số,50 - 100 cc,Đang cập nhật,Bảo hành hãng,3.900.000 đ
Yamaha,Sirius,2012,15000,Đã sử dụng,Xe số,100 - 175 cc,Đang cập nhật,Bảo hành hãng,4.800.000 đ
Piaggio,Zip,2018,12000,Đã sử dụng,Tay ga,100 - 175 cc,Đang cập nhật,Bảo hành hãng,16.000.000 đ
Honda,SH,2011,10000,Đã sử dụng,Tay ga,100 - 175 cc,Đang cập nhật,Bảo hành hãng,180.000.000 đ
Honda,Lead,2013,28,Đã sử dụng,Tay ga,100 - 175 cc,Đang cập nhật,Bảo hành hãng,24.000.000 đ
Yamaha,Nouvo,2014,80000,Đã sử dụng,Tay ga,100 - 175 cc,Đang cập nhật,Bảo hành hãng,9.500.000 đ
Hãng khác,Dòng khác,2021,5700,Đã sử dụng,Tay côn/Moto,Trên 175 cc,Đang cập nhật,Bảo hành hãng,159.000.000 đ
Honda,Vario,2021,13000,Đã sử dụng,Tay ga,100 - 175 cc,Đang cập nhật,Bảo hành hãng,47.000.000 đ
Hãng khác,Dòng khác,2005,135000,Đã sử dụng,Xe số,100 - 175 cc,Đang cập nhật,Bảo hành hãng,4.750.000 đ
Honda,SH,2017,10000,Đã sử dụng,Tay ga,100 - 175 cc,Đang cập nhật,Bảo hành hãng,82.000.000 đ
Yamaha,Acruzo,2016,25000,Đã sử dụng,Tay ga,100 - 175 cc,Đang cập nhật,Bảo hành hãng,12.800.000 đ
Hãng khác,Dòng khác,2015,66666,Đã sử dụng,Xe số,50 - 100 cc,Đang cập nhật,Bảo hành hãng,4.200.000 đ
Honda,Vario,2021,9000,Đã sử dụng,Tay ga,100 - 175 cc,Đang cập nhật,Bảo hành hãng,31.500.000 đ
Honda,Winner,2019,5,Đã sử dụng,Tay côn/Moto,100 - 175 cc,Đang cập nhật,Bảo hành hãng,23.500.000 đ
Honda,Vario,2022,3,Đã sử dụng,Tay ga,100 - 175 cc,1,Đang cập nhật,42.500.000 đ
Yamaha,Nouvo,2010,5000,Đã sử dụng,Tay ga,100 - 175 cc,Đang cập nhật,Bảo hành hãng,2.500.000 đ
Honda,SH,2008,20000,Đã sử dụng,Tay ga,Trên 175 cc,Đang cập nhật,Bảo hành hãng,72.000.000 đ
Yamaha,Exciter,2021,1,Đã sử dụng,Tay côn/Moto,100 - 175 cc,Việt Nam,Bảo hành hãng,37.500.000 đ
Honda,Wave,2007,5000,Đã sử dụng,Xe số,50 - 100 cc,Việt Nam,Bảo hành hãng,2.400.000 đ
Yamaha,Nvx,2020,100000,Đã sử dụng,Tay ga,100 - 175 cc,Đang cập nhật,Bảo hành hãng,26.500.000 đ
Honda,Wave,2010,50000,Đã sử dụng,Xe số,50 - 100 cc,Đang cập nhật,Bảo hành hãng,11.200.000 đ
Honda,Wave,2005,44731,Đã sử dụng,Xe số,50 - 100 cc,Đang cập nhật,Bảo hành hãng,25.500.000 đ
SYM,Attila,2014,6868,Đã sử dụng,Tay ga,100 - 175 cc,Đang cập nhật,Bảo hành hãng,6.000.000 đ
Honda,Air Blade,2016,6000,Đã sử dụng,Tay ga,100 - 175 cc,Đang cập nhật,Bảo hành hãng,12.500.000 đ
Honda,SH,2015,12000,Đã sử dụng,Tay ga,Trên 175 cc,Đang cập nhật,Bảo hành hãng,133.000.000 đ
Honda,CBR,2022,5500,Đã sử dụng,Tay côn/Moto,100 - 175 cc,Đang cập nhật,Bảo hành hãng,57.000.000 đ
Yamaha,Exciter,2012,67855,Đã sử dụng,Xe số,100 - 175 cc,Đang cập nhật,Bảo hành hãng,17.000.000 đ
Piaggio,Vespa,2013,1600,Đã sử dụng,Tay ga,100 - 175 cc,Đang cập nhật,Bảo hành hãng,7.500.000 đ
Yamaha,Exciter,2014,250000,Đã sử dụng,Tay côn/Moto,100 - 175 cc,Đang cập nhật,Bảo hành hãng,17.900.000 đ
Honda,Dòng khác,2009,18000,Đã sử dụng,Tay côn/Moto,Trên 175 cc,Đang cập nhật,Bảo hành hãng,370.000.000 đ
Honda,Vario,2021,18000,Đã sử dụng,Tay ga,100 - 175 cc,Đang cập nhật,Bảo hành hãng,36.500.000 đ
Yamaha,Mio,2007,26000,Đã sử dụng,Tay ga,100 - 175 cc,Đang cập nhật,Bảo hành hãng,10.800.000 đ
Honda,Vision,2023,500,Đã sử dụng,Tay ga,100 - 175 cc,Đang cập nhật,Bảo hành hãng,28.600.000 đ
Honda,Winner,2018,30000,Đã sử dụng,Tay côn/Moto,100 - 175 cc,Đang cập nhật,Bảo hành hãng,20.000.000 đ
Honda,SH,2005,9999,Đã sử dụng,Tay ga,100 - 175 cc,Đang cập nhật,Bảo hành hãng,49.000.000 đ
Honda,SH,2022,6868,Đã sử dụng,Tay ga,100 - 175 cc,Đang cập nhật,Bảo hành hãng,68.686.969 đ
Honda,Wave,2012,100000,Đã sử dụng,Xe số,100 - 175 cc,Đang cập nhật,Bảo hành hãng,5.300.000 đ
Honda,Dòng khác,trước năm 1980,20000,Đã sử dụng,Xe số,Dưới 50 cc,Đang cập nhật,Bảo hành hãng,199.000.000 đ
Honda,Vario,2020,25000,Đã sử dụng,Tay ga,100 - 175 cc,Đang cập nhật,Bảo hành hãng,36.490.000 đ
Honda,SH,2016,15000,Đã sử dụng,Tay ga,100 - 175 cc,Đang cập nhật,Bảo hành hãng,58.000.000 đ
Honda,Air Blade,2012,6532,Đã sử dụng,Tay ga,100 - 175 cc,Đang cập nhật,Bảo hành hãng,17.500.000 đ
BMW,S1000RR,2015,21000,Đã sử dụng,Tay côn/Moto,Trên 175 cc,Đang cập nhật,Bảo hành hãng,420.000.000 đ
Honda,SH Mode,2016,320000,Đã sử dụng,Tay ga,100 - 175 cc,Việt Nam,Bảo hành hãng,34.000.000 đ
Yamaha,Exciter,2013,30,Đã sử dụng,Tay côn/Moto,100 - 175 cc,Đang cập nhật,Bảo hành hãng,15.900.000 đ
Piaggio,Vespa,2010,5,Đã sử dụng,Tay ga,100 - 175 cc,Đang cập nhật,Bảo hành hãng,10.500.000 đ
Honda,SH,2022,7000,Đã sử dụng,Tay ga,100 - 175 cc,Đang cập nhật,Bảo hành hãng,87.900.000 đ
Honda,Future,2011,30,Đã sử dụng,Xe số,100 - 175 cc,Đang cập nhật,Bảo hành hãng,19.000.000 đ
Hãng khác,Dòng khác,2012,20000,Đã sử dụng,Xe số,Dưới 50 cc,Đang cập nhật,Bảo hành hãng,5.200.000 đ
Suzuki,Best,2010,10500,Đã sử dụng,Xe số,100 - 175 cc,Đang cập nhật,Bảo hành hãng,7.800.000 đ
Honda,Air Blade,2023,11000,Đã sử dụng,Tay ga,100 - 175 cc,Đang cập nhật,Bảo hành hãng,35.000.000 đ
Piaggio,LX,2010,50000,Đã sử dụng,Tay ga,100 - 175 cc,Đang cập nhật,Bảo hành hãng,9.500.000 đ
Honda,PCX,2016,7000,Đã sử dụng,Tay ga,100 - 175 cc,Đang cập nhật,Bảo hành hãng,38.000.000 đ
Honda,Air Blade,2013,9000,Đã sử dụng,Tay ga,100 - 175 cc,Đang cập nhật,Bảo hành hãng,12.500.000 đ
Yamaha,Janus,2018,9999,Đã sử dụng,Tay ga,100 - 175 cc,Đang cập nhật,Bảo hành hãng,20.800.000 đ
Honda,SH,2014,2,Đã sử dụng,Tay ga,100 - 175 cc,Đang cập nhật,Bảo hành hãng,52.000.000 đ
Benelli,TNT,2021,21000,Đã sử dụng,Tay côn/Moto,100 - 175 cc,Đang cập nhật,Bảo hành hãng,23.800.000 đ
Honda,SH,2018,10,Đã sử dụng,Tay ga,100 - 175 cc,Đang cập nhật,Bảo hành hãng,70.000.000 đ
Honda,Lead,2010,1676,Đã sử dụng,Tay ga,50 - 100 cc,Đang cập nhật,Bảo hành hãng,7.900.000 đ
Honda,Wave,2011,58000,Đã sử dụng,Xe số,100 - 175 cc,Đang cập nhật,Bảo hành hãng,10.000.000 đ
Piaggio,Vespa,2014,25000,Đã sử dụng,Tay ga,100 - 175 cc,Đang cập nhật,Bảo hành hãng,16.500.000 đ
Honda,Vario,2021,19,Đã sử dụng,Tay ga,100 - 175 cc,Đang cập nhật,Bảo hành hãng,39.900.000 đ
Honda,Dòng khác,2000,10000,Đã sử dụng,Tay côn/Moto,100 - 175 cc,Nước khác,Bảo hành hãng,58.000.000 đ
Honda,Dòng khác,1988,50000,Đã sử dụng,Xe số,Dưới 50 cc,Đang cập nhật,Bảo hành hãng,9.000.000 đ
Honda,Vario,2021,7998,Đã sử dụng,Tay ga,100 - 175 cc,Đang cập nhật,Bảo hành hãng,41.000.000 đ
Honda,CBR,2013,21000,Đã sử dụng,Tay côn/Moto,100 - 175 cc,Đang cập nhật,Bảo hành hãng,25.000.000 đ
Honda,SH,2009,25000,Đã sử dụng,Tay ga,100 - 175 cc,Nước khác,Bảo hành hãng,145.000.000 đ
Honda,Air Blade,2022,3000,Đã sử dụng,Tay ga,Trên 175 cc,Đang cập nhật,Bảo hành hãng,58.000.000 đ
Honda,SH,2015,470000,Đã sử dụng,Tay ga,100 - 175 cc,Đang cập nhật,Bảo hành hãng,49.800.000 đ
Honda,Dream,2004,6,Đã sử dụng,Xe số,50 - 100 cc,Đang cập nhật,Bảo hành hãng,62.000.000 đ
Honda,Wave,2016,5800,Đã sử dụng,Xe số,100 - 175 cc,Đang cập nhật,Bảo hành hãng,7.300.000 đ
Yamaha,Nvx,2022,4500,Đã sử dụng,Tay ga,100 - 175 cc,Đang cập nhật,Bảo hành hãng,44.500.000 đ
Yamaha,Sirius,2022,6500,Đã sử dụng,Xe số,100 - 175 cc,Việt Nam,Bảo hành hãng,14.500.000 đ
Honda,Sonic,2022,6000,Đã sử dụng,Tay côn/Moto,100 - 175 cc,Đang cập nhật,Bảo hành hãng,32.500.000 đ
Yamaha,Exciter,2023,2086,Đã sử dụng,Tay côn/Moto,100 - 175 cc,Việt Nam,Bảo hành hãng,28.000.000 đ
Yamaha,Grande,2019,8000,Đã sử dụng,Tay ga,100 - 175 cc,Đang cập nhật,Bảo hành hãng,15.800.000 đ
Yamaha,Sirius,2017,6789,Đã sử dụng,Xe số,100 - 175 cc,Đang cập nhật,Bảo hành hãng,11.800.000 đ
Honda,Winner X,2022,240000,Đã sử dụng,Xe số,100 - 175 cc,Đang cập nhật,Bảo hành hãng,26.500.000 đ
Honda,Air Blade,2009,25000,Đã sử dụng,Tay ga,100 - 175 cc,Đang cập nhật,Bảo hành hãng,8.200.000 đ
Piaggio,Vespa,2021,5,Đã sử dụng,Tay ga,Dưới 50 cc,Đang cập nhật,Bảo hành hãng,12.700.000 đ
Suzuki,GSX,2018,28000,Đã sử dụng,Tay côn/Moto,100 - 175 cc,Đang cập nhật,Bảo hành hãng,24.000.000 đ
Honda,Wave,2015,15000,Đã sử dụng,Xe số,50 - 100 cc,Đang cập nhật,Bảo hành hãng,8.500.000 đ
Yamaha,Mio,2010,15000,Đã sử dụng,Tay ga,100 - 175 cc,Đang cập nhật,Bảo hành hãng,4.300.000 đ
Honda,Air Blade,2011,8000,Đã sử dụng,Tay ga,100 - 175 cc,Đang cập nhật,Bảo hành hãng,13.800.000 đ
Piaggio,Fly,2020,2000,Đã sử dụng,Tay ga,100 - 175 cc,Đang cập nhật,Bảo hành hãng,5.600.000 đ
Honda,PCX,2017,30000,Đã sử dụng,Tay ga,100 - 175 cc,Đang cập nhật,Bảo hành hãng,38.500.000 đ
Honda,Wave,2014,9900,Đã sử dụng,Xe số,100 - 175 cc,Đang cập nhật,Bảo hành hãng,6.800.000 đ
Yamaha,Exciter,2012,8800,Đã sử dụng,Tay côn/Moto,100 - 175 cc,Đang cập nhật,Bảo hành hãng,17.500.000 đ
Taya,Cub,2019,10000,Đã sử dụng,Xe số,100 - 175 cc,Đang cập nhật,Bảo hành hãng,11.000.000 đ
Hãng khác,Dòng khác,2014,25000,Đã sử dụng,Xe số,100 - 175 cc,Đang cập nhật,Bảo hành hãng,5.900.000 đ
Honda,Cub,2008,5555,Đã sử dụng,Xe số,Dưới 50 cc,Đang cập nhật,Bảo hành hãng,3.900.000 đ
Piaggio,Vespa,2009,98,Đã sử dụng,Tay ga,100 - 175 cc,Đang cập nhật,Bảo hành hãng,5.500.000 đ
Honda,Sonic,2019,520000,Đã sử dụng,Tay côn/Moto,100 - 175 cc,Đang cập nhật,Bảo hành hãng,25.000.000 đ
Honda,Air Blade,2023,1000,Đã sử dụng,Tay ga,100 - 175 cc,Đang cập nhật,Bảo hành hãng,41.500.000 đ
Honda,Air Blade,2019,2499,Đã sử dụng,Tay ga,100 - 175 cc,Đang cập nhật,Bảo hành hãng,23.000.000 đ
Yamaha,Exciter,2018,20000,Đã sử dụng,Tay côn/Moto,100 - 175 cc,Đang cập nhật,Bảo hành hãng,18.500.000 đ
Honda,Wave,2005,25700,Đã sử dụng,Xe số,100 - 175 cc,Đang cập nhật,Bảo hành hãng,3.900.000 đ
Honda,Winner X,2021,4500,Đã sử dụng,Tay côn/Moto,100 - 175 cc,Đang cập nhật,Bảo hành hãng,21.800.000 đ
Piaggio,Liberty,2013,25,Đã sử dụng,Tay ga,100 - 175 cc,Đang cập nhật,Bảo hành hãng,15.000.000 đ
Piaggio,Sprint,2022,7200,Đã sử dụng,Tay ga,100 - 175 cc,Đang cập nhật,Bảo hành hãng,65.000.000 đ
Yamaha,Exciter,2016,200000,Đã sử dụng,Tay côn/Moto,100 - 175 cc,Đang cập nhật,Bảo hành hãng,24.000.000 đ
Honda,CB,2021,3000,Đã sử dụng,Tay côn/Moto,Trên 175 cc,Đang cập nhật,Bảo hành hãng,75.000.000 đ
Honda,SH,2007,20000,Đã sử dụng,Tay ga,100 - 175 cc,Đang cập nhật,Bảo hành hãng,36.800.000 đ
Honda,Air Blade,2014,170000,Đã sử dụng,Tay ga,100 - 175 cc,Đang cập nhật,Bảo hành hãng,15.500.000 đ
Honda,SH,2019,9500,Đã sử dụng,Tay ga,100 - 175 cc,Đang cập nhật,Bảo hành hãng,74.500.000 đ
Suzuki,GZ,2021,2300,Đã sử dụng,Tay côn/Moto,100 - 175 cc,Đang cập nhật,Bảo hành hãng,32.600.000 đ
Yamaha,Exciter,2015,15,Đã sử dụng,Tay côn/Moto,100 - 175 cc,Đang cập nhật,Bảo hành hãng,16.500.000 đ
SYM,Shark,2019,2100,Đã sử dụng,Tay ga,100 - 175 cc,Việt Nam,Bảo hành hãng,7.500.000 đ
Honda,Wave,2018,52800,Đã sử dụng,Xe số,100 - 175 cc,Đang cập nhật,Bảo hành hãng,6.500.000 đ
Honda,Air Blade,2011,56789,Đã sử dụng,Tay ga,50 - 100 cc,Đang cập nhật,Bảo hành hãng,16.000.000 đ
Honda,Cub,trước năm 1980,555555,Đã sử dụng,Xe số,Dưới 50 cc,Đang cập nhật,Bảo hành hãng,4.500.000 đ
Honda,SH,2022,700,Đã sử dụng,Tay ga,100 - 175 cc,Đang cập nhật,Bảo hành hãng,90.000.000 đ
Honda,Lead,2018,8000,Đã sử dụng,Tay ga,100 - 175 cc,Đang cập nhật,Bảo hành hãng,38.500.000 đ
Piaggio,GTS,2015,25000,Đã sử dụng,Tay ga,100 - 175 cc,Đang cập nhật,Bảo hành hãng,29.500.000 đ
Yamaha,Sirius,2019,168,Đã sử dụng,Xe số,100 - 175 cc,Đang cập nhật,Bảo hành hãng,8.800.000 đ
Honda,Future,2019,22,Đã sử dụng,Xe số,100 - 175 cc,Đang cập nhật,Bảo hành hãng,27.800.000 đ
Kawasaki,Dòng khác,2019,2600,Đã sử dụng,Tay côn/Moto,100 - 175 cc,Đang cập nhật,Bảo hành hãng,26.000.000 đ
Hãng khác,Dòng khác,2015,55555,Đã sử dụng,Tay côn/Moto,100 - 175 cc,Đang cập nhật,Bảo hành hãng,29.500.000 đ
Hãng khác,Dòng khác,2015,12345,Đã sử dụng,Xe số,Dưới 50 cc,Đang cập nhật,Bảo hành hãng,8.500.000 đ
Yamaha,Mio,2019,18000,Đã sử dụng,Tay ga,100 - 175 cc,Đang cập nhật,Bảo hành hãng,3.800.000 đ
Honda,Wave,2020,5953,Đã sử dụng,Xe số,100 - 175 cc,Đang cập nhật,Bảo hành hãng,16.500.000 đ
Ducati,Dòng khác,2007,20,Đã sử dụng,Xe số,100 - 175 cc,Đang cập nhật,Bảo hành hãng,8.500.000 đ
Yamaha,Nvx,2023,860,Đã sử dụng,Tay ga,100 - 175 cc,Đang cập nhật,Bảo hành hãng,38.600.000 đ
Honda,Winner,2016,15000,Đã sử dụng,Tay côn/Moto,100 - 175 cc,Đang cập nhật,Bảo hành hãng,18.500.000 đ
Yamaha,Jupiter,2020,36000,Đã sử dụng,Xe số,100 - 175 cc,Đang cập nhật,Bảo hành hãng,18.600.000 đ
Honda,Air Blade,2011,20000,Đã sử dụng,Tay ga,100 - 175 cc,Việt Nam,Bảo hành hãng,14.500.000 đ
Honda,Air Blade,2016,7899,Đã sử dụng,Tay ga,100 - 175 cc,Đang cập nhật,Bảo hành hãng,17.500.000 đ
Yamaha,Sirius,2012,9999,Đã sử dụng,Xe số,50 - 100 cc,Đang cập nhật,Bảo hành hãng,6.300.000 đ
Honda,Vario,2022,5500,Đã sử dụng,Tay ga,100 - 175 cc,Đang cập nhật,Bảo hành hãng,52.500.000 đ
Honda,Sonic,2019,12,Đã sử dụng,Xe số,100 - 175 cc,Đang cập nhật,Bảo hành hãng,36.800.000 đ
Honda,Vision,2022,2100,Đã sử dụng,Tay ga,100 - 175 cc,Đang cập nhật,Bảo hành hãng,24.000.000 đ
Honda,MSX 125,2016,20000,Đã sử dụng,Tay côn/Moto,100 - 175 cc,Đang cập nhật,Bảo hành hãng,17.500.000 đ
Piaggio,Vespa,2014,9900,Đã sử dụng,Tay ga,100 - 175 cc,Đang cập nhật,Bảo hành hãng,7.800.000 đ
Yamaha,Exciter,2020,30000,Đã sử dụng,Tay côn/Moto,100 - 175 cc,Đang cập nhật,Bảo hành hãng,28.000.000 đ
Honda,Cub,1991,6800,Đã sử dụng,Xe số,Dưới 50 cc,Đang cập nhật,Bảo hành hãng,11.500.000 đ
Suzuki,Satria,2000,1500,Đã sử dụng,Tay côn/Moto,100 - 175 cc,Đang cập nhật,Bảo hành hãng,29.500.000 đ
Honda,Dream,2001,21000,Đã sử dụng,Xe số,100 - 175 cc,Đang cập nhật,Bảo hành hãng,20.500.000 đ
Honda,Chaly,trước năm 1980,9999,Đã sử dụng,Xe số,Dưới 50 cc,Đang cập nhật,Bảo hành hãng,6.500.000 đ
Honda,Wave,2014,12345,Đã sử dụng,Xe số,100 - 175 cc,Đang cập nhật,Bảo hành hãng,8.700.000 đ
Honda,Dream,2003,33000,Đã sử dụng,Xe số,100 - 175 cc,Đang cập nhật,Bảo hành hãng,185.000.000 đ
Honda,SCR,2010,26,Đã sử dụng,Tay ga,50 - 100 cc,Đang cập nhật,Bảo hành hãng,5.800.000 đ
Honda,Air Blade,2010,8888,Đã sử dụng,Tay ga,100 - 175 cc,Việt Nam,Bảo hành hãng,23.800.000 đ
Yamaha,Sirius,2018,30000,Đã sử dụng,Xe số,50 - 100 cc,Đang cập nhật,Bảo hành hãng,6.500.000 đ
Piaggio,Vespa,2016,39,Đã sử dụng,Tay ga,100 - 175 cc,Đang cập nhật,Bảo hành hãng,27.500.000 đ
Honda,Lead,2014,26200,Đã sử dụng,Tay ga,100 - 175 cc,Đang cập nhật,Bảo hành hãng,22.500.000 đ
Yamaha,Exciter,2012,26000,Đã sử dụng,Tay côn/Moto,100 - 175 cc,Đang cập nhật,Bảo hành hãng,26.800.000 đ
Honda,Wave,2007,123456,Đã sử dụng,Xe số,100 - 175 cc,Đang cập nhật,Bảo hành hãng,5.800.000 đ
Suzuki,Sport / Xipo,1998,123456,Đã sử dụng,Tay côn/Moto,100 - 175 cc,Đang cập nhật,Bảo hành hãng,28.000.000 đ
Yamaha,Janus,2017,16500,Đã sử dụng,Tay ga,100 - 175 cc,Đang cập nhật,Bảo hành hãng,19.500.000 đ
Honda,Winner X,2020,5000,Đã sử dụng,Tay côn/Moto,100 - 175 cc,Đang cập nhật,Bảo hành hãng,26.000.000 đ
Harley Davidson,48,2021,15000,Đã sử dụng,Tay côn/Moto,Trên 175 cc,Đang cập nhật,Bảo hành hãng,430.000.000 đ
Yamaha,Luvias,2013,5,Đã sử dụng,Tay ga,100 - 175 cc,Đang cập nhật,Bảo hành hãng,11.000.000 đ
Honda,Vario,2021,15000,Đã sử dụng,Tay ga,100 - 175 cc,Đang cập nhật,Bảo hành hãng,38.500.000 đ
Honda,Lead,2020,3,Đã sử dụng,Tay ga,100 - 175 cc,Đang cập nhật,Bảo hành hãng,35.000.000 đ
Suzuki,Sport / Xipo,2020,20000,Đã sử dụng,Xe số,100 - 175 cc,Đang cập nhật,Bảo hành hãng,95.000.000 đ
Yamaha,Exciter,2018,10000,Đã sử dụng,Tay côn/Moto,100 - 175 cc,Đang cập nhật,Bảo hành hãng,16.800.000 đ
Honda,Vision,2016,27,Đã sử dụng,Tay ga,50 - 100 cc,Đang cập nhật,Bảo hành hãng,23.800.000 đ
Honda,Vario,2020,2500,Đã sử dụng,Tay ga,100 - 175 cc,Đang cập nhật,Bảo hành hãng,56.500.000 đ
Yamaha,Sirius,2018,123,Đã sử dụng,Xe số,100 - 175 cc,Đang cập nhật,Bảo hành hãng,10.800.000 đ
Honda,Winner,2016,30000,Đã sử dụng,Tay côn/Moto,100 - 175 cc,Đang cập nhật,Bảo hành hãng,16.500.000 đ
Yamaha,Luvias,2011,23000,Đã sử dụng,Tay ga,100 - 175 cc,Đang cập nhật,Bảo hành hãng,8.800.000 đ
Kawasaki,Z800,2015,25000,Đã sử dụng,Tay côn/Moto,Trên 175 cc,Đang cập nhật,Bảo hành hãng,135.000.000 đ
Honda,SH,2020,15000,Đã sử dụng,Tay ga,100 - 175 cc,Đang cập nhật,Bảo hành hãng,92.000.000 đ
Yamaha,Exciter,2020,9000,Đã sử dụng,Xe số,100 - 175 cc,Đang cập nhật,Bảo hành hãng,32.500.000 đ
Honda,Lead,2011,30000,Đã sử dụng,Tay ga,100 - 175 cc,Việt Nam,Bảo hành hãng,10.000.000 đ
Honda,PCX,2017,20000,Đã sử dụng,Tay ga,100 - 175 cc,Đang cập nhật,Bảo hành hãng,34.500.000 đ
Honda,Wave,2008,24,Đã sử dụng,Xe số,100 - 175 cc,Đang cập nhật,Bảo hành hãng,6.500.000 đ
Honda,Citi,1997,10000,Đã sử dụng,Xe số,100 - 175 cc,Đang cập nhật,Bảo hành hãng,55.000.000 đ
Yamaha,Exciter,2012,123,Đã sử dụng,Xe số,100 - 175 cc,Đang cập nhật,Bảo hành hãng,21.500.000 đ
Honda,Wave,2014,6868,Đã sử dụng,Xe số,50 - 100 cc,Đang cập nhật,Bảo hành hãng,10.500.000 đ
Honda,Future,2007,51489,Đã sử dụng,Xe số,100 - 175 cc,Đang cập nhật,Bảo hành hãng,14.900.000 đ
KTM,RC 390,2015,31000,Đã sử dụng,Tay côn/Moto,Trên 175 cc,Đang cập nhật,Bảo hành hãng,59.800.000 đ
Yamaha,Nouvo,2009,978,Đã sử dụng,Tay ga,100 - 175 cc,Đang cập nhật,Bảo hành hãng,3.500.000 đ
Yamaha,Sirius,2011,5000,Đã sử dụng,Xe số,100 - 175 cc,Đang cập nhật,Bảo hành hãng,6.500.000 đ
Honda,Wave,2022,3658,Đã sử dụng,Xe số,100 - 175 cc,Đang cập nhật,Bảo hành hãng,16.800.000 đ
Honda,Lead,2008,8312,Đã sử dụng,Tay ga,100 - 175 cc,Đang cập nhật,Bảo hành hãng,7.200.000 đ
Honda,Air Blade,2013,20000,Đã sử dụng,Tay ga,100 - 175 cc,Đang cập nhật,Bảo hành hãng,16.500.000 đ
Yamaha,Sirius,2019,11000,Đã sử dụng,Xe số,100 - 175 cc,Đang cập nhật,Bảo hành hãng,9.500.000 đ
Honda,Wave,2011,5,Đã sử dụng,Xe số,100 - 175 cc,Đang cập nhật,Bảo hành hãng,11.000.000 đ
Honda,Air Blade,2011,20,Đã sử dụng,Tay ga,100 - 175 cc,Đang cập nhật,Bảo hành hãng,17.800.000 đ
Honda,Wave,2022,898989,Đã sử dụng,Xe số,100 - 175 cc,Đang cập nhật,Bảo hành hãng,12.000.000 đ
Honda,Air Blade,2013,12000,Đã sử dụng,Tay ga,100 - 175 cc,Đang cập nhật,Bảo hành hãng,23.300.000 đ
Hãng khác,Dòng khác,2020,100000,Đã sử dụng,Tay ga,Dưới 50 cc,Đang cập nhật,Bảo hành hãng,10.500.000 đ
Suzuki,Raider,2016,50000,Đã sử dụng,Tay côn/Moto,100 - 175 cc,Đang cập nhật,Bảo hành hãng,15.800.000 đ
Suzuki,Axelo,2015,30000,Đã sử dụng,Xe số,100 - 175 cc,Đang cập nhật,Bảo hành hãng,11.000.000 đ
Honda,Lead,2010,16,Đã sử dụng,Tay ga,100 - 175 cc,Đang cập nhật,Bảo hành hãng,7.300.000 đ
Yamaha,Sirius,2022,10000,Đã sử dụng,Xe số,100 - 175 cc,Việt Nam,Bảo hành hãng,11.800.000 đ
Honda,SH,2017,12345,Đã sử dụng,Tay ga,100 - 175 cc,Đang cập nhật,Bảo hành hãng,1.234.567 đ
Honda,Air Blade,2009,6397,Đã sử dụng,Tay ga,100 - 175 cc,Đang cập nhật,Bảo hành hãng,15.000.000 đ
Honda,Vision,2014,4567,Đã sử dụng,Tay ga,100 - 175 cc,Đang cập nhật,Bảo hành hãng,13.800.000 đ
Honda,Air Blade,2008,59,Đã sử dụng,Tay ga,100 - 175 cc,Đang cập nhật,Bảo hành hãng,11.500.000 đ
Piaggio,Zip,2019,3000,Đã sử dụng,Tay ga,100 - 175 cc,Đang cập nhật,Bảo hành hãng,8.500.000 đ
Honda,Lead,2018,15000,Đã sử dụng,Tay ga,100 - 175 cc,Đang cập nhật,Bảo hành hãng,28.500.000 đ
Honda,Air Blade,2008,29000,Đã sử dụng,Tay ga,100 - 175 cc,Đang cập nhật,Bảo hành hãng,12.700.000 đ
SYM,Elizabeth,2014,2500,Đã sử dụng,Tay ga,100 - 175 cc,Đang cập nhật,Bảo hành hãng,15.500.000 đ
Suzuki,Impulse,2016,30000,Đã sử dụng,Tay ga,100 - 175 cc,Đang cập nhật,Bảo hành hãng,8.700.000 đ
Honda,Vario,2021,12000,Đã sử dụng,Tay ga,100 - 175 cc,Đang cập nhật,Bảo hành hãng,34.500.000 đ
Piaggio,Liberty,2014,3000,Đã sử dụng,Tay ga,100 - 175 cc,Đang cập nhật,Bảo hành hãng,9.500.000 đ
Honda,Vision,2013,2600,Đã sử dụng,Tay ga,100 - 175 cc,Đang cập nhật,Bảo hành hãng,10.500.000 đ
Yamaha,Sirius,2017,40,Đã sử dụng,Xe số,100 - 175 cc,Đang cập nhật,Bảo hành hãng,12.500.000 đ
Honda,Wave,2019,50000,Đã sử dụng,Xe số,100 - 175 cc,Đang cập nhật,Bảo hành hãng,5.500.000 đ
Honda,Lead,2009,5,Đã sử dụng,Tay ga,100 - 175 cc,Đang cập nhật,Bảo hành hãng,9.000.000 đ
Piaggio,GTS,2016,42000,Đã sử dụng,Tay ga,100 - 175 cc,Đang cập nhật,Bảo hành hãng,38.000.000 đ
Honda,Air Blade,2018,22000,Đã sử dụng,Tay ga,100 - 175 cc,Đang cập nhật,Bảo hành hãng,30.500.000 đ
Honda,Winner X,2020,30000,Đã sử dụng,Tay côn/Moto,100 - 175 cc,Đang cập nhật,Bảo hành hãng,19.900.000 đ
Honda,Future,2013,26000,Đã sử dụng,Xe số,100 - 175 cc,Đang cập nhật,Bảo hành hãng,17.300.000 đ
Yamaha,Exciter,2022,10,Đã sử dụng,Tay côn/Moto,100 - 175 cc,Đang cập nhật,Bảo hành hãng,33.000.000 đ
Yamaha,FZ,2015,25,Đã sử dụng,Tay côn/Moto,100 - 175 cc,Đang cập nhật,Bảo hành hãng,26.500.000 đ
KTM,Dòng khác,2015,35000,Đã sử dụng,Tay côn/Moto,100 - 175 cc,Đang cập nhật,Bảo hành hãng,33.800.000 đ
Honda,SH,2021,20000,Đã sử dụng,Tay ga,100 - 175 cc,Đang cập nhật,Bảo hành hãng,66.500.000 đ
Honda,SH,2015,12000,Đã sử dụng,Tay ga,100 - 175 cc,Đang cập nhật,Bảo hành hãng,60.000.000 đ
Yamaha,Sirius,2010,50000,Đã sử dụng,Xe số,100 - 175 cc,Đang cập nhật,Bảo hành hãng,6.800.000 đ
Honda,Wave,2015,147052,Đã sử dụng,Xe số,100 - 175 cc,Đang cập nhật,Bảo hành hãng,6.950.000 đ
Yamaha,Exciter,2014,36000,Đã sử dụng,Xe số,100 - 175 cc,Đang cập nhật,Bảo hành hãng,15.000.000 đ
Honda,Air Blade,2013,11111,Đã sử dụng,Tay ga,100 - 175 cc,Đang cập nhật,Bảo hành hãng,22.000.000 đ
Yamaha,Janus,2018,12068,Đã sử dụng,Tay ga,100 - 175 cc,Đang cập nhật,Bảo hành hãng,19.800.000 đ
Yamaha,Sirius,2008,20000,Đã sử dụng,Xe số,100 - 175 cc,Đang cập nhật,Bảo hành hãng,6.200.000 đ
Suzuki,GSX,2017,10000,Đã sử dụng,Tay côn/Moto,100 - 175 cc,Đang cập nhật,Bảo hành hãng,32.500.000 đ
Honda,Future,2006,56000,Đã sử dụng,Xe số,100 - 175 cc,Đang cập nhật,Bảo hành hãng,17.000.000 đ
Honda,Vario,2020,4000,Đã sử dụng,Tay ga,100 - 175 cc,Đang cập nhật,Bảo hành hãng,42.000.000 đ
Honda,Air Blade,2015,12345,Đã sử dụng,Tay ga,100 - 175 cc,Đang cập nhật,Bảo hành hãng,18.800.000 đ
Honda,Cub,1981,6000,Đã sử dụng,Xe số,Dưới 50 cc,Đang cập nhật,Bảo hành hãng,7.300.000 đ
Piaggio,Vespa,2018,3560,Đã sử dụng,Tay ga,100 - 175 cc,Đang cập nhật,Bảo hành hãng,10.500.000 đ
Honda,Winner,2019,2599,Đã sử dụng,Tay côn/Moto,100 - 175 cc,Đang cập nhật,Bảo hành hãng,15.000.000 đ
Honda,Dream,1993,420000,Đã sử dụng,Xe số,50 - 100 cc,Đang cập nhật,Bảo hành hãng,9.000.000 đ
Honda,Future,2016,55000,Đã sử dụng,Tay côn/Moto,100 - 175 cc,Đang cập nhật,Bảo hành hãng,14.800.000 đ
Honda,Wave,2015,70000,Đã sử dụng,Xe số,100 - 175 cc,Đang cập nhật,Bảo hành hãng,14.000.000 đ
Honda,Air Blade,2016,8000,Đã sử dụng,Tay ga,100 - 175 cc,Đang cập nhật,Bảo hành hãng,11.000.000 đ
Honda,Scoopy,2021,300,Đã sử dụng,Tay ga,100 - 175 cc,Đang cập nhật,Bảo hành hãng,45.000.000 đ
Kawasaki,Dòng khác,2017,32000,Đã sử dụng,Tay côn/Moto,Trên 175 cc,Đang cập nhật,Bảo hành hãng,32.800.000 đ
Yamaha,Sirius,2011,28845,Đã sử dụng,Xe số,100 - 175 cc,Đang cập nhật,Bảo hành hãng,7.500.000 đ
Honda,Vision,2014,5,Đã sử dụng,Tay ga,100 - 175 cc,Đang cập nhật,Bảo hành hãng,15.000.000 đ
Suzuki,Hayate,2015,20000,Đã sử dụng,Tay ga,100 - 175 cc,Đang cập nhật,Bảo hành hãng,3.200.000 đ
Honda,Air Blade,2014,25000,Đã sử dụng,Tay ga,100 - 175 cc,Đang cập nhật,Bảo hành hãng,23.800.000 đ
Ducati,Monster,2019,12000,Đã sử dụng,Tay côn/Moto,100 - 175 cc,Đang cập nhật,Bảo hành hãng,11.000.000 đ
Honda,Wave,2005,199999,Đã sử dụng,Xe số,100 - 175 cc,Đang cập nhật,Bảo hành hãng,4.500.000 đ
Piaggio,Zip,2015,16000,Đã sử dụng,Tay ga,100 - 175 cc,Đang cập nhật,Bảo hành hãng,9.800.000 đ
Hãng khác,Dòng khác,2018,19000,Đã sử dụng,Tay ga,100 - 175 cc,Đang cập nhật,Bảo hành hãng,10.200.000 đ
Honda,Vario,2021,2000,Đã sử dụng,Tay ga,100 - 175 cc,Đang cập nhật,Bảo hành hãng,36.800.000 đ
Honda,Lead,2012,50000,Đã sử dụng,Tay ga,100 - 175 cc,Đang cập nhật,Bảo hành hãng,10.500.000 đ
Honda,SH,2018,8000,Đã sử dụng,Tay ga,100 - 175 cc,Đang cập nhật,Bảo hành hãng,78.000.000 đ
Suzuki,Raider,2019,20,Đã sử dụng,Xe số,100 - 175 cc,Nhật Bản,Bảo hành hãng,24.500.000 đ
Honda,Spacy,2005,9999,Đã sử dụng,Tay ga,50 - 100 cc,Đang cập nhật,Bảo hành hãng,8.500.000 đ
SYM,Attila,2012,25000,Đã sử dụng,Tay ga,100 - 175 cc,Đang cập nhật,Bảo hành hãng,4.500.000 đ
Yamaha,Exciter,2012,9999,Đã sử dụng,Xe số,50 - 100 cc,Đang cập nhật,Bảo hành hãng,8.900.000 đ
Honda,Air Blade,2021,8,Đã sử dụng,Tay ga,100 - 175 cc,Đang cập nhật,Bảo hành hãng,39.000.000 đ
SYM,Angela,2018,1,Đã sử dụng,Xe số,Dưới 50 cc,Đang cập nhật,Bảo hành hãng,10.500.000 đ
Honda,Winner,2018,12000,Đã sử dụng,Tay côn/Moto,100 - 175 cc,Đang cập nhật,Bảo hành hãng,14.500.000 đ
Yamaha,Exciter,2011,39000,Đã sử dụng,Tay côn/Moto,100 - 175 cc,Đang cập nhật,Bảo hành hãng,13.500.000 đ
Hãng khác,Dòng khác,2012,9999,Đã sử dụng,Tay côn/Moto,100 - 175 cc,Đang cập nhật,Bảo hành hãng,19.900.000 đ
Honda,Air Blade,2010,83000,Đã sử dụng,Tay ga,100 - 175 cc,Đang cập nhật,Bảo hành hãng,20.000.000 đ
GPX,Legend Gentleman 200,2020,4000,Đã sử dụng,Tay côn/Moto,Trên 175 cc,Đang cập nhật,Bảo hành hãng,41.000.000 đ
Yamaha,Dòng khác,2018,10,Đã sử dụng,Xe số,100 - 175 cc,Đang cập nhật,Bảo hành hãng,35.800.000 đ
Honda,SH,2009,8888,Đã sử dụng,Tay ga,100 - 175 cc,Đang cập nhật,Bảo hành hãng,110.000.000 đ
Honda,Wave,2022,2600,Đã sử dụng,Xe số,100 - 175 cc,Đang cập nhật,Bảo hành hãng,12.500.000 đ
Honda,Air Blade,2011,23000,Đã sử dụng,Tay ga,100 - 175 cc,Đang cập nhật,Bảo hành hãng,39.000.000 đ
Honda,Cub,1986,39668,Đã sử dụng,Xe số,50 - 100 cc,Đang cập nhật,Bảo hành hãng,13.000.000 đ
Honda,Wave,2022,127727,Đã sử dụng,Xe số,100 - 175 cc,Đang cập nhật,Bảo hành hãng,19.000.000 đ
Honda,Dylan,2005,5,Đã sử dụng,Tay ga,100 - 175 cc,Đang cập nhật,Bảo hành hãng,17.000.000 đ
Honda,Lead,2014,410000,Đã sử dụng,Tay ga,100 - 175 cc,Nhật Bản,Bảo hành hãng,20.800.000 đ
Yamaha,Mio,2012,2,Đã sử dụng,Tay ga,100 - 175 cc,Đang cập nhật,Bảo hành hãng,10.300.000 đ
Yamaha,Cuxi,2013,40000,Đã sử dụng,Tay ga,100 - 175 cc,Đang cập nhật,Bảo hành hãng,22.500.000 đ
Yamaha,Dòng khác,2021,16000,Đã sử dụng,Tay côn/Moto,100 - 175 cc,Đang cập nhật,Bảo hành hãng,39.000.000 đ
Honda,Vario,2017,29000,Đã sử dụng,Tay ga,100 - 175 cc,Đang cập nhật,Bảo hành hãng,58.800.000 đ
Yamaha,Grande,2020,8000,Đã sử dụng,Tay ga,100 - 175 cc,Việt Nam,Bảo hành hãng,27.000.000 đ
SYM,Elegant,2015,18000,Đã sử dụng,Xe số,Dưới 50 cc,Đang cập nhật,Bảo hành hãng,8.800.000 đ
Honda,Future,2018,7600,Đã sử dụng,Xe số,100 - 175 cc,Đang cập nhật,Bảo hành hãng,9.800.000 đ
Yamaha,TFX,2021,1500,Đã sử dụng,Tay côn/Moto,100 - 175 cc,Đang cập nhật,Bảo hành hãng,36.800.000 đ
Suzuki,Dòng khác,2008,5000,Đã sử dụng,Tay côn/Moto,Trên 175 cc,Đang cập nhật,Bảo hành hãng,17.000.000 đ
Piaggio,Liberty,2018,6500,Đã sử dụng,Tay ga,100 - 175 cc,Đang cập nhật,Bảo hành hãng,27.500.000 đ
Yamaha,Nouvo,2005,258528,Đã sử dụng,Tay ga,100 - 175 cc,Đang cập nhật,Bảo hành hãng,2.000.000 đ
Honda,Lead,2014,686868,Đã sử dụng,Tay ga,100 - 175 cc,Đang cập nhật,Bảo hành hãng,18.900.000 đ
Piaggio,Sprint,2021,2800,Đã sử dụng,Tay ga,100 - 175 cc,Đang cập nhật,Bảo hành hãng,66.800.000 đ
Honda,Cub,2010,15000,Đã sử dụng,Xe số,50 - 100 cc,Đang cập nhật,Bảo hành hãng,6.500.000 đ
Honda,SH,2012,18000,Đã sử dụng,Tay ga,100 - 175 cc,Đang cập nhật,Bảo hành hãng,155.800.000 đ
Suzuki,Satria,2019,28000,Đã sử dụng,Tay côn/Moto,100 - 175 cc,Đang cập nhật,Bảo hành hãng,19.900.000 đ
Honda,Air Blade,2013,3456,Đã sử dụng,Tay ga,100 - 175 cc,Đang cập nhật,Bảo hành hãng,17.500.000 đ
Honda,Wave,2013,20000,Đã sử dụng,Xe số,100 - 175 cc,Đang cập nhật,Bảo hành hãng,6.800.000 đ
Yamaha,Mio,2008,20,Đã sử dụng,Tay ga,100 - 175 cc,Đang cập nhật,Bảo hành hãng,6.200 đ
Honda,CBR,2015,2345,Đã sử dụng,Tay côn/Moto,100 - 175 cc,Đang cập nhật,Bảo hành hãng,
Honda,Winner X,2019,30,Đã sử dụng,Xe số,100 - 175 cc,Nhật Bản,Bảo hành hãng,43.000.000 đ
Piaggio,GTS,2018,4400,Đã sử dụng,Tay ga,Trên 175 cc,Đang cập nhật,Bảo hành hãng,79.000.000 đ
Yamaha,Mio,2006,1234,Đã sử dụng,Tay ga,100 - 175 cc,Đang cập nhật,Bảo hành hãng,4.800.000 đ
Yamaha,Exciter,2015,25,Đã sử dụng,Tay côn/Moto,100 - 175 cc,Đang cập nhật,Bảo hành hãng,20.000.000 đ
Honda,Air Blade,2008,1,Đã sử dụng,Tay ga,100 - 175 cc,Đang cập nhật,Bảo hành hãng,13.800.000 đ
Honda,Click,2020,5000,Đã sử dụng,Tay ga,100 - 175 cc,Đang cập nhật,Bảo hành hãng,73.000.000 đ
Honda,Future,2009,38000,Đã sử dụng,Xe số,100 - 175 cc,Đang cập nhật,Bảo hành hãng,74.000.000 đ
Honda,Future,2013,20000,Đã sử dụng,Xe số,100 - 175 cc,Đang cập nhật,Bảo hành hãng,12.000.000 đ
Honda,Air Blade,2014,17239,Đã sử dụng,Tay ga,100 - 175 cc,Đang cập nhật,Bảo hành hãng,19.800.000 đ
Yamaha,R,2020,23000,Đã sử dụng,Tay côn/Moto,100 - 175 cc,Đang cập nhật,Bảo hành hãng,39.500.000 đ
Honda,Chaly,1981,46000,Đã sử dụng,Xe số,50 - 100 cc,Đang cập nhật,Bảo hành hãng,7.200.000 đ
Yamaha,Sirius,2023,123,Đã sử dụng,Xe số,100 - 175 cc,Đang cập nhật,Bảo hành hãng,13.500.000 đ
Honda,Future,2018,84277,Đã sử dụng,Xe số,100 - 175 cc,Đang cập nhật,Bảo hành hãng,15.000.000 đ
Honda,SH Mode,2019,5000,Đã sử dụng,Tay ga,100 - 175 cc,Đang cập nhật,Bảo hành hãng,54.500.000 đ
Yamaha,Exciter,2020,220000,Đã sử dụng,Tay côn/Moto,100 - 175 cc,Đang cập nhật,Bảo hành hãng,2.800.000 đ
Piaggio,LX,2015,30000,Đã sử dụng,Tay ga,100 - 175 cc,Đang cập nhật,Bảo hành hãng,9.500.000 đ
Piaggio,Sprint,2022,2000,Đã sử dụng,Tay ga,100 - 175 cc,Đang cập nhật,Bảo hành hãng,70.500.000 đ
Yamaha,Mio,2013,15000,Đã sử dụng,Tay ga,100 - 175 cc,Đang cập nhật,Bảo hành hãng,3.500.000 đ
Honda,67,2001,150000,Đã sử dụng,Tay côn/Moto,Dưới 50 cc,Đang cập nhật,Bảo hành hãng,16.500.000 đ
Honda,Future,2008,61000,Đã sử dụng,Xe số,100 - 175 cc,Đang cập nhật,Bảo hành hãng,33.000.000 đ
Honda,Vision,2016,24,Đã sử dụng,Tay ga,100 - 175 cc,Đang cập nhật,Bảo hành hãng,21.500.000 đ
Honda,Vision,2012,21000,Đã sử dụng,Tay ga,100 - 175 cc,Đang cập nhật,Bảo hành hãng,13.900.000 đ
GPX,Legend 150S,2019,10000,Đã sử dụng,Tay côn/Moto,100 - 175 cc,Đang cập nhật,Bảo hành hãng,38.000.000 đ
Honda,Click,2016,25000,Đã sử dụng,Tay ga,100 - 175 cc,Đang cập nhật,Bảo hành hãng,49.000.000 đ
Honda,SH,2022,850,Đã sử dụng,Tay ga,100 - 175 cc,Đang cập nhật,Bảo hành hãng,102.000.000 đ
Honda,Vision,2012,234567,Đã sử dụng,Tay ga,100 - 175 cc,Đang cập nhật,Bảo hành hãng,14.800.000 đ
Taya,Dòng khác,2020,7000,Đã sử dụng,Xe số,50 - 100 cc,Đang cập nhật,Bảo hành hãng,11.000.000 đ
Honda,Dòng khác,2015,1000,Đã sử dụng,Tay côn/Moto,50 - 100 cc,Đang cập nhật,Bảo hành hãng,20.000.000 đ
Honda,Air Blade,2012,36000,Đã sử dụng,Tay ga,100 - 175 cc,Đang cập nhật,Bảo hành hãng,12.200.000 đ
Honda,Vario,2018,22500,Đã sử dụng,Tay ga,100 - 175 cc,Đang cập nhật,Bảo hành hãng,52.000.000 đ
Yamaha,Jupiter,2010,28,Đã sử dụng,Xe số,100 - 175 cc,Đang cập nhật,Bảo hành hãng,7.900.000 đ
Honda,Vario,2020,11000,Đã sử dụng,Tay ga,100 - 175 cc,Đang cập nhật,Bảo hành hãng,36.000.000 đ
Yamaha,Nozza,2013,35000,Đã sử dụng,Tay ga,50 - 100 cc,Đang cập nhật,Bảo hành hãng,8.500.000 đ
Honda,Click,2008,1,Đã sử dụng,Tay ga,100 - 175 cc,Đang cập nhật,Bảo hành hãng,11.500.000 đ
Honda,Vision,2019,17999,Đã sử dụng,Tay ga,100 - 175 cc,Đang cập nhật,Bảo hành hãng,26.600.000 đ
Honda,Air Blade,2008,19,Đã sử dụng,Tay ga,100 - 175 cc,Đang cập nhật,Bảo hành hãng,15.500.000 đ
Piaggio,Primavera,2014,23456,Đã sử dụng,Tay ga,100 - 175 cc,Đang cập nhật,Bảo hành hãng,22.500.000 đ
Yamaha,Nouvo,2012,6789,Đã sử dụng,Tay ga,100 - 175 cc,Đang cập nhật,Bảo hành hãng,12.600.000 đ
Piaggio,GTS,2018,33000,Đã sử dụng,Tay ga,100 - 175 cc,Đang cập nhật,Bảo hành hãng,65.000.000 đ
Honda,CB,2017,5,Đã sử dụng,Tay côn/Moto,100 - 175 cc,Đang cập nhật,Bảo hành hãng,19.000.000 đ
Yamaha,Dòng khác,2012,18,Đã sử dụng,Xe số,100 - 175 cc,Nhật Bản,Bảo hành hãng,3.500.000 đ
Yamaha,Sirius,2020,1500,Đã sử dụng,Xe số,100 - 175 cc,Đang cập nhật,Bảo hành hãng,11.800.000 đ
Honda,Vario,2022,5600,Đã sử dụng,Tay ga,100 - 175 cc,Đang cập nhật,Bảo hành hãng,48.000.000 đ
Honda,SH,2014,12,Đã sử dụng,Tay ga,100 - 175 cc,Đang cập nhật,Bảo hành hãng,53.000.000 đ
Suzuki,Satria,2019,11,Đã sử dụng,Tay ga,100 - 175 cc,Đang cập nhật,Bảo hành hãng,29.000.000 đ
Honda,Air Blade,2012,123456,Đã sử dụng,Tay ga,100 - 175 cc,Đang cập nhật,Bảo hành hãng,13.000.000 đ
Honda,Future,2022,11000,Đã sử dụng,Xe số,100 - 175 cc,Nhật Bản,Bảo hành hãng,33.400.000 đ
Honda,Air Blade,2015,22000,Đã sử dụng,Tay ga,100 - 175 cc,Đang cập nhật,Bảo hành hãng,23.500.000 đ
Honda,Chaly,2022,1560,Đã sử dụng,Xe số,100 - 175 cc,Đang cập nhật,Bảo hành hãng,10.500.000 đ
Honda,PCX,2021,9125,Đã sử dụng,Tay ga,100 - 175 cc,Đang cập nhật,Bảo hành hãng,72.000.000 đ
Suzuki,Sport / Xipo,2000,23654,Đã sử dụng,Xe số,100 - 175 cc,Nước khác,Bảo hành hãng,29.000.000 đ
Yamaha,Sirius,2012,70,Đã sử dụng,Xe số,100 - 175 cc,Đang cập nhật,Bảo hành hãng,9.000.000 đ
Honda,Wave,2010,2525,Đã sử dụng,Xe số,100 - 175 cc,Đang cập nhật,Bảo hành hãng,3.000.000 đ
Honda,Lead,2012,16000,Đã sử dụng,Tay ga,100 - 175 cc,Đang cập nhật,Bảo hành hãng,9.600.000 đ
Yamaha,Nouvo,2013,40000,Đã sử dụng,Tay ga,100 - 175 cc,Đang cập nhật,Bảo hành hãng,6.800.000 đ
Honda,Cub,2022,2000,Đã sử dụng,Xe số,Dưới 50 cc,Đang cập nhật,Bảo hành hãng,6.200.000 đ
Honda,Future,2007,23000,Đã sử dụng,Xe số,100 - 175 cc,Đang cập nhật,Bảo hành hãng,22.500.000 đ
Yamaha,Nouvo,2011,30130,Đã sử dụng,Tay ga,100 - 175 cc,Đang cập nhật,Bảo hành hãng,6.500.000 đ
Honda,Vario,2022,3500,Đã sử dụng,Tay ga,100 - 175 cc,Đang cập nhật,Bảo hành hãng,47.000.000 đ
Honda,Wave,2011,6321,Đã sử dụng,Xe số,100 - 175 cc,Đang cập nhật,Bảo hành hãng,9.800.000 đ
Honda,SH,2015,40000,Đã sử dụng,Tay ga,100 - 175 cc,Đang cập nhật,Bảo hành hãng,50.000.000 đ
Honda,Vision,2019,23000,Đã sử dụng,Tay ga,100 - 175 cc,Đang cập nhật,Bảo hành hãng,26.500.000 đ
Yamaha,Sirius,2011,300000,Đã sử dụng,Xe số,100 - 175 cc,Đang cập nhật,Bảo hành hãng,9.500.000 đ
Honda,Spacy,2006,23000,Đã sử dụng,Tay ga,100 - 175 cc,Đang cập nhật,Bảo hành hãng,8.500.000 đ
Honda,Future,2016,30000,Đã sử dụng,Xe số,100 - 175 cc,Đang cập nhật,Bảo hành hãng,13.000.000 đ
Honda,Dylan,2016,20000,Đã sử dụng,Tay ga,100 - 175 cc,Đang cập nhật,Bảo hành hãng,10.000.000 đ
Honda,Lead,2011,12345,Đã sử dụng,Tay ga,100 - 175 cc,Đang cập nhật,Bảo hành hãng,11.800.000 đ
Piaggio,Liberty,2012,19000,Đã sử dụng,Tay ga,100 - 175 cc,Đang cập nhật,Bảo hành hãng,12.500.000 đ
Daelim,Cub,2021,9092,Đã sử dụng,Xe số,Dưới 50 cc,Đang cập nhật,Bảo hành hãng,9.000.000 đ
Yamaha,Exciter,2012,29000,Đã sử dụng,Tay côn/Moto,100 - 175 cc,Đang cập nhật,Bảo hành hãng,15.900.000 đ
Hãng khác,Dòng khác,2004,5000,Đã sử dụng,Xe số,50 - 100 cc,Đang cập nhật,Bảo hành hãng,8.000.000 đ
Honda,Dream,1999,29000,Đã sử dụng,Xe số,50 - 100 cc,Đang cập nhật,Bảo hành hãng,9.500.000 đ
Suzuki,Satria,2020,5,Đã sử dụng,Tay côn/Moto,100 - 175 cc,Đang cập nhật,Bảo hành hãng,26.000.000 đ
Honda,CB,2020,8000,Đã sử dụng,Tay côn/Moto,Trên 175 cc,Đang cập nhật,Bảo hành hãng,199.000.000 đ
Honda,Air Blade,2016,1,Đã sử dụng,Tay ga,100 - 175 cc,Việt Nam,Bảo hành hãng,28.500.000 đ
Yamaha,Sirius,2021,1200,Đã sử dụng,Xe số,100 - 175 cc,Đang cập nhật,Bảo hành hãng,11.500.000 đ
Honda,Future,2019,19,Đã sử dụng,Xe số,100 - 175 cc,Đang cập nhật,Bảo hành hãng,28.500.000 đ
Honda,Lead,2014,3333,Đã sử dụng,Tay ga,100 - 175 cc,Đang cập nhật,Bảo hành hãng,20.900.000 đ
Honda,Cub,1996,30000,Đã sử dụng,Xe số,Dưới 50 cc,Đang cập nhật,Bảo hành hãng,3.000.000 đ
Honda,Spacy,2002,16000,Đã sử dụng,Tay ga,100 - 175 cc,Đang cập nhật,Bảo hành hãng,25.000.000 đ
Honda,Winner,2019,250000,Đã sử dụng,Tay côn/Moto,100 - 175 cc,Đang cập nhật,Bảo hành hãng,18.000.000 đ
Honda,Wave,2012,600000,Đã sử dụng,Xe số,100 - 175 cc,Đang cập nhật,Bảo hành hãng,9.000.000 đ
Honda,Wave,2021,6800,Đã sử dụng,Xe số,100 - 175 cc,Đang cập nhật,Bảo hành hãng,11.500.000 đ
Yamaha,Sirius,2017,31000,Đã sử dụng,Xe số,100 - 175 cc,Đang cập nhật,Bảo hành hãng,12.800.000 đ
Honda,Dream,2003,38000,Đã sử dụng,Xe số,50 - 100 cc,Đang cập nhật,Bảo hành hãng,25.000.000 đ
Yamaha,Nozza,2014,20000,Đã sử dụng,Tay ga,100 - 175 cc,Nhật Bản,Bảo hành hãng,14.400.000 đ
Honda,Vision,2019,19000,Đã sử dụng,Tay ga,100 - 175 cc,Đang cập nhật,Bảo hành hãng,28.800.000 đ
Suzuki,Satria,2019,14000,Đã sử dụng,Tay côn/Moto,100 - 175 cc,Đang cập nhật,Bảo hành hãng,27.500.000 đ
Piaggio,Primavera,2018,14,Đã sử dụng,Tay ga,100 - 175 cc,Đang cập nhật,Bảo hành hãng,45.000.000 đ
Suzuki,Raider,2020,26000,Đã sử dụng,Tay côn/Moto,100 - 175 cc,Đang cập nhật,Bảo hành hãng,23.000.000 đ
Honda,Wave,2012,23232,Đã sử dụng,Xe số,100 - 175 cc,Đang cập nhật,Bảo hành hãng,7.200.000 đ
Kawasaki,Kawasaki,2018,9000,Đã sử dụng,Tay côn/Moto,100 - 175 cc,Đang cập nhật,Bảo hành hãng,55.800.000 đ
Honda,SH,2006,25000,Đã sử dụng,Tay ga,100 - 175 cc,Đang cập nhật,Bảo hành hãng,35.000.000 đ
Honda,Air Blade,2015,15,Đã sử dụng,Tay ga,100 - 175 cc,Đang cập nhật,Bảo hành hãng,39.900.000 đ
Yamaha,Exciter,2021,2600,Đã sử dụng,Tay côn/Moto,100 - 175 cc,Đang cập nhật,Bảo hành hãng,20.000.000 đ
Yamaha,Nouvo,2015,12000,Đã sử dụng,Tay ga,100 - 175 cc,Đang cập nhật,Bảo hành hãng,5.600.000 đ
Yamaha,Sirius,2015,15000,Đã sử dụng,Xe số,100 - 175 cc,Đang cập nhật,Bảo hành hãng,13.500.000 đ
SYM,Cello,2011,20000,Đã sử dụng,Tay ga,100 - 175 cc,Đang cập nhật,Bảo hành hãng,12.999.000 đ
Yamaha,Exciter,2015,70000,Đã sử dụng,Tay côn/Moto,100 - 175 cc,Đang cập nhật,Bảo hành hãng,92.144.444 đ
Honda,Wave,2004,23668,Đã sử dụng,Xe số,100 - 175 cc,Đang cập nhật,Bảo hành hãng,11.800.000 đ
Honda,Wave,2012,17000,Đã sử dụng,Xe số,50 - 100 cc,Đang cập nhật,Bảo hành hãng,9.000.000 đ
Honda,Future,2019,22222,Đã sử dụng,Xe số,100 - 175 cc,Đang cập nhật,Bảo hành hãng,24.500.000 đ
Piaggio,Vespa,2006,265631,Đã sử dụng,Tay ga,100 - 175 cc,Đang cập nhật,Bảo hành hãng,4.000.000 đ
Yamaha,Nozza,2013,19000,Đã sử dụng,Tay ga,100 - 175 cc,Đang cập nhật,Bảo hành hãng,13.500.000 đ
Honda,SH,2019,1,Đã sử dụng,Tay ga,100 - 175 cc,Việt Nam,Bảo hành hãng,56.500.000 đ
Suzuki,Raider,2019,29000,Đã sử dụng,Tay côn/Moto,100 - 175 cc,Đang cập nhật,Bảo hành hãng,31.000.000 đ
Honda,Winner X,2019,9000,Đã sử dụng,Tay côn/Moto,100 - 175 cc,Đang cập nhật,Bảo hành hãng,22.800.000 đ
Honda,MSX 125,2022,2000,Đã sử dụng,Tay côn/Moto,100 - 175 cc,Đang cập nhật,Bảo hành hãng,16.800.000 đ
Suzuki,Raider,2015,15000,Đã sử dụng,Tay côn/Moto,100 - 175 cc,Đang cập nhật,Bảo hành hãng,14.500.000 đ
Yamaha,Dòng khác,2011,40000,Đã sử dụng,Xe số,100 - 175 cc,Đang cập nhật,Bảo hành hãng,6.500.000 đ
Honda,Air Blade,2009,80000,Đã sử dụng,Tay ga,100 - 175 cc,Đang cập nhật,Bảo hành hãng,38.000.000 đ
SYM,Husky,2019,13000,Đã sử dụng,Tay côn/Moto,100 - 175 cc,Đài Loan,Bảo hành hãng,26.800.000 đ
Honda,Vision,2014,18500,Đã sử dụng,Tay ga,100 - 175 cc,Đang cập nhật,Bảo hành hãng,16.800.000 đ
Honda,Air Blade,2022,5,Đã sử dụng,Tay ga,100 - 175 cc,Đang cập nhật,Bảo hành hãng,39.000.000 đ
Honda,Vario,2020,28000,Đã sử dụng,Tay ga,100 - 175 cc,Nước khác,Bảo hành hãng,28.500.000 đ
Honda,Wave,2020,8000,Đã sử dụng,Xe số,50 - 100 cc,Việt Nam,Bảo hành hãng,15.500.000 đ
Honda,Lead,2010,21000,Đã sử dụng,Tay ga,100 - 175 cc,Đang cập nhật,Bảo hành hãng,10.800.000 đ
Honda,Win,1998,28000,Đã sử dụng,Tay côn/Moto,50 - 100 cc,Đang cập nhật,Bảo hành hãng,38.000.000 đ
Yamaha,Grande,2019,12345,Đã sử dụng,Tay ga,100 - 175 cc,Đang cập nhật,Bảo hành hãng,29.500.000 đ
Piaggio,Sprint,2015,16000,Đã sử dụng,Tay ga,100 - 175 cc,Đang cập nhật,Bảo hành hãng,44.800.000 đ
Honda,Wave,2022,3001,Đã sử dụng,Xe số,100 - 175 cc,Đang cập nhật,Bảo hành hãng,11.500.000 đ
Honda,Vision,2021,1,Đã sử dụng,Tay ga,100 - 175 cc,Đang cập nhật,Bảo hành hãng,29.900.000 đ
Honda,SH,2008,30000,Đã sử dụng,Tay ga,100 - 175 cc,Đang cập nhật,Bảo hành hãng,81.000.000 đ
Yamaha,Jupiter,2006,50000,Đã sử dụng,Xe số,100 - 175 cc,Đang cập nhật,Bảo hành hãng,6.800.000 đ
Honda,SH,2017,17500,Đã sử dụng,Tay ga,100 - 175 cc,Đang cập nhật,Bảo hành hãng,69.000.000 đ
Honda,Lead,2015,6000,Đã sử dụng,Tay ga,100 - 175 cc,Đang cập nhật,Bảo hành hãng,14.500.000 đ
Yamaha,Exciter,2017,15000,Đã sử dụng,Tay côn/Moto,100 - 175 cc,Việt Nam,Bảo hành hãng,20.500.000 đ
Kymco,Candy S,2016,33627,Đã sử dụng,Tay ga,Dưới 50 cc,Đang cập nhật,Bảo hành hãng,10.500.000 đ
Yamaha,Nozza,2012,29,Đã sử dụng,Tay ga,100 - 175 cc,Đang cập nhật,Bảo hành hãng,13.900.000 đ
Honda,Wave,2008,20000,Đã sử dụng,Xe số,100 - 175 cc,Đang cập nhật,Bảo hành hãng,6.200.000 đ
Honda,Wave,2021,50000,Đã sử dụng,Xe số,100 - 175 cc,Đang cập nhật,Bảo hành hãng,18.000.000 đ
Piaggio,Primavera,2013,10000,Đã sử dụng,Tay ga,100 - 175 cc,Đang cập nhật,Bảo hành hãng,24.500.000 đ
Honda,Dòng khác,2020,5600,Đã sử dụng,Tay ga,Dưới 50 cc,Đang cập nhật,Bảo hành hãng,18.000.000 đ
Honda,Dream,2005,10,Đã sử dụng,Xe số,100 - 175 cc,Đang cập nhật,Bảo hành hãng,48.000.000 đ
Honda,Vision,2012,30000,Đã sử dụng,Tay ga,100 - 175 cc,Đang cập nhật,Bảo hành hãng,16.800.000 đ
SYM,Shark,2018,2500,Đã sử dụng,Tay ga,100 - 175 cc,Đang cập nhật,Bảo hành hãng,8.800.000 đ
Honda,Air Blade,2022,1111,Đã sử dụng,Xe số,100 - 175 cc,Đang cập nhật,Bảo hành hãng,20.000.000 đ
Yamaha,Exciter,2018,14,Đã sử dụng,Xe số,100 - 175 cc,Đang cập nhật,Bảo hành hãng,28.000.000 đ
Honda,Air Blade,2017,10000,Đã sử dụng,Tay ga,100 - 175 cc,Đang cập nhật,Bảo hành hãng,26.800.000 đ
Yamaha,Mio,2009,35000,Đã sử dụng,Tay ga,100 - 175 cc,Đang cập nhật,Bảo hành hãng,5.800.000 đ
Honda,Air Blade,2021,3716,Đã sử dụng,Tay ga,100 - 175 cc,Đang cập nhật,Bảo hành hãng,40.900.000 đ
Kawasaki,Dòng khác,2023,345,Đã sử dụng,Tay côn/Moto,Trên 175 cc,Đang cập nhật,Bảo hành hãng,158.000.000 đ
Honda,Lead,2019,5,Đã sử dụng,Tay ga,100 - 175 cc,Đang cập nhật,Bảo hành hãng,32.000.000 đ
Honda,Air Blade,2019,15,Đã sử dụng,Tay ga,100 - 175 cc,Đang cập nhật,Bảo hành hãng,34.500.000 đ
Honda,Dream,2005,20000,Đã sử dụng,Xe số,50 - 100 cc,Đang cập nhật,Bảo hành hãng,9.500.000 đ
Honda,Lead,2013,12345,Đã sử dụng,Tay ga,100 - 175 cc,Đang cập nhật,Bảo hành hãng,19.999.999 đ
Honda,PCX,2016,25000,Đã sử dụng,Tay ga,100 - 175 cc,Việt Nam,Bảo hành hãng,33.500.000 đ
Honda,CBR,2022,6000,Đã sử dụng,Tay côn/Moto,100 - 175 cc,Đang cập nhật,Bảo hành hãng,56.000.000 đ
Honda,Air Blade,2011,39,Đã sử dụng,Tay ga,100 - 175 cc,Đang cập nhật,Bảo hành hãng,14.900.000 đ
Yamaha,MT,2022,1000,Đã sử dụng,Tay côn/Moto,100 - 175 cc,Đang cập nhật,Bảo hành hãng,48.000.000 đ
Honda,Vision,2014,18600,Đã sử dụng,Tay ga,100 - 175 cc,Đang cập nhật,Bảo hành hãng,11.800.000 đ
Honda,Air Blade,2012,66666,Đã sử dụng,Tay ga,100 - 175 cc,Đang cập nhật,Bảo hành hãng,16.000.000 đ
Honda,Win,2020,16,Đã sử dụng,Tay côn/Moto,100 - 175 cc,Đang cập nhật,Bảo hành hãng,10.500.000 đ
Piaggio,Liberty,2010,455544,Đã sử dụng,Tay ga,100 - 175 cc,Đang cập nhật,Bảo hành hãng,5.500.000 đ
Piaggio,Vespa,2012,18200,Đã sử dụng,Tay ga,100 - 175 cc,Đang cập nhật,Bảo hành hãng,7.800.000 đ
Honda,Click,2019,8000,Đã sử dụng,Tay ga,Trên 175 cc,Đang cập nhật,Bảo hành hãng,71.900.000 đ
Honda,Wave,2008,9999,Đã sử dụng,Xe số,100 - 175 cc,Đang cập nhật,Bảo hành hãng,3.500.000 đ
Yamaha,Nouvo,2008,30000,Đã sử dụng,Tay ga,100 - 175 cc,Việt Nam,Bảo hành hãng,5.500.000 đ
Piaggio,Fly,2012,25000,Đã sử dụng,Tay ga,100 - 175 cc,Đang cập nhật,Bảo hành hãng,6.800.000 đ
Honda,SH,2011,37000,Đã sử dụng,Tay ga,100 - 175 cc,Đang cập nhật,Bảo hành hãng,153.000.000 đ
Piaggio,Sprint,2018,8000,Đã sử dụng,Tay ga,100 - 175 cc,Đang cập nhật,Bảo hành hãng,58.000.000 đ
Piaggio,Vespa,2013,18656,Đã sử dụng,Tay ga,100 - 175 cc,Đang cập nhật,Bảo hành hãng,14.800.000 đ
Honda,Air Blade,2010,25000,Đã sử dụng,Tay ga,100 - 175 cc,Nhật Bản,Bảo hành hãng,14.500.000 đ
Piaggio,Primavera,2016,10000,Đã sử dụng,Tay ga,100 - 175 cc,Đang cập nhật,Bảo hành hãng,32.000.000 đ
Piaggio,Liberty,2018,7200,Đã sử dụng,Tay ga,100 - 175 cc,Đang cập nhật,Bảo hành hãng,19.800.000 đ
Yamaha,Janus,2019,15,Đã sử dụng,Tay ga,100 - 175 cc,Đang cập nhật,Bảo hành hãng,21.500.000 đ
Piaggio,LX,2010,17500,Đã sử dụng,Tay ga,100 - 175 cc,Đang cập nhật,Bảo hành hãng,12.500.000 đ
SYM,Attila,2013,9998,Đã sử dụng,Tay ga,100 - 175 cc,Đang cập nhật,Bảo hành hãng,3.000.000 đ
Honda,Dream,2004,2345,Đã sử dụng,Xe số,100 - 175 cc,Đang cập nhật,Bảo hành hãng,2.600.000 đ
Suzuki,Impulse,2014,12000,Đã sử dụng,Tay ga,100 - 175 cc,Đang cập nhật,Bảo hành hãng,13.500.000 đ
Honda,SH,2022,2000,Đã sử dụng,Tay ga,Trên 175 cc,Đang cập nhật,Bảo hành hãng,120.000.000 đ
Honda,Future,2013,25000,Đã sử dụng,Xe số,100 - 175 cc,Đang cập nhật,Bảo hành hãng,21.500.000 đ
Honda,Winner,2017,123,Đã sử dụng,Tay côn/Moto,100 - 175 cc,Đang cập nhật,Bảo hành hãng,22.800.000 đ
Yamaha,TFX,2020,30000,Đã sử dụng,Tay côn/Moto,100 - 175 cc,Đang cập nhật,Bảo hành hãng,36.000.000 đ
GPX,Demon 150GR,2022,1650,Đã sử dụng,Tay côn/Moto,100 - 175 cc,Đang cập nhật,Bảo hành hãng,28.800.000 đ
Honda,Future,2001,50000,Đã sử dụng,Xe số,100 - 175 cc,Đang cập nhật,Bảo hành hãng,17.500.000 đ
Honda,Air Blade,2021,10000,Đã sử dụng,Tay ga,100 - 175 cc,Đang cập nhật,Bảo hành hãng,32.500.000 đ
Honda,Click,2018,20000,Đã sử dụng,Tay ga,100 - 175 cc,Đang cập nhật,Bảo hành hãng,56.000.000 đ
Yamaha,Janus,2021,8000,Đã sử dụng,Tay ga,100 - 175 cc,Đang cập nhật,Bảo hành hãng,19.500.000 đ
Honda,Vision,2010,1,Đã sử dụng,Tay ga,100 - 175 cc,Đang cập nhật,Bảo hành hãng,13.800.000 đ
Honda,Win,2023,2222,Đã sử dụng,Tay côn/Moto,100 - 175 cc,Đang cập nhật,Bảo hành hãng,10.800.000 đ
Honda,Dream,1998,12345,Đã sử dụng,Xe số,50 - 100 cc,Đang cập nhật,Bảo hành hãng,18.500.000 đ
Honda,Cub,1990,99999,Đã sử dụng,Xe số,Dưới 50 cc,Nhật Bản,Bảo hành hãng,4.000.000 đ
Honda,SH,2022,34568,Đã sử dụng,Tay ga,100 - 175 cc,Đang cập nhật,Bảo hành hãng,27.500.000 đ
Honda,Air Blade,2010,15000,Đã sử dụng,Tay ga,100 - 175 cc,Đang cập nhật,Bảo hành hãng,15.500.000 đ
Honda,Vision,2014,8000,Đã sử dụng,Tay ga,100 - 175 cc,2,Đang cập nhật,12.800.000 đ
Yamaha,Exciter,2015,700000,Đã sử dụng,Tay côn/Moto,100 - 175 cc,Đang cập nhật,Bảo hành hãng,15.000.000 đ
Yamaha,Exciter,2015,30000,Đã sử dụng,Tay côn/Moto,100 - 175 cc,Đang cập nhật,Bảo hành hãng,19.800 đ
Honda,Dream,1997,100000,Đã sử dụng,Xe số,50 - 100 cc,Đang cập nhật,Bảo hành hãng,25.000.000 đ
Honda,SH,2003,124,Đã sử dụng,Tay ga,100 - 175 cc,Đang cập nhật,Bảo hành hãng,21.900.000 đ
Yamaha,Exciter,2018,397989,Đã sử dụng,Tay côn/Moto,100 - 175 cc,Đang cập nhật,Bảo hành hãng,25.800.000 đ
Yamaha,Sirius,2016,9000,Đã sử dụng,Xe số,100 - 175 cc,Đang cập nhật,Bảo hành hãng,6.800.000 đ
Honda,Lead,2012,77,Đã sử dụng,Tay ga,100 - 175 cc,Đang cập nhật,Bảo hành hãng,11.500.000 đ
Honda,Wave,2014,240000,Đã sử dụng,Xe số,100 - 175 cc,Đang cập nhật,Bảo hành hãng,9.500.000 đ
Kawasaki,Z1000,2015,33000,Đã sử dụng,Tay côn/Moto,Trên 175 cc,Đang cập nhật,Bảo hành hãng,225.000.000 đ
Honda,Winner,2017,40000,Đã sử dụng,Tay côn/Moto,100 - 175 cc,Đang cập nhật,Bảo hành hãng,19.000.000 đ
Piaggio,Sprint,2018,10500,Đã sử dụng,Tay ga,100 - 175 cc,Đang cập nhật,Bảo hành hãng,49.500.000 đ
Honda,Vision,2011,1234,Đã sử dụng,Tay ga,100 - 175 cc,Đang cập nhật,Bảo hành hãng,12.000.000 đ
Piaggio,Liberty,2015,3000,Đã sử dụng,Tay ga,100 - 175 cc,Đang cập nhật,Bảo hành hãng,10.800.000 đ
Yamaha,Janus,2021,2000,Đã sử dụng,Tay ga,100 - 175 cc,Đang cập nhật,Bảo hành hãng,14.800.000 đ
Suzuki,Hayate,2013,665253,Đã sử dụng,Tay ga,100 - 175 cc,Đang cập nhật,Bảo hành hãng,7.000.000 đ
Honda,Air Blade,2019,31200,Đã sử dụng,Tay ga,100 - 175 cc,Đang cập nhật,Bảo hành hãng,30.000.000 đ
Honda,SH Mode,2016,14,Đã sử dụng,Tay ga,100 - 175 cc,Đang cập nhật,Bảo hành hãng,40.000.000 đ
Yamaha,Exciter,2010,23456,Đã sử dụng,Tay côn/Moto,100 - 175 cc,Đang cập nhật,Bảo hành hãng,56.780.000 đ
Piaggio,Liberty,2016,19000,Đã sử dụng,Tay ga,100 - 175 cc,Đang cập nhật,Bảo hành hãng,31.500.000 đ
Honda,Air Blade,2011,10000,Đã sử dụng,Tay ga,100 - 175 cc,Đang cập nhật,Bảo hành hãng,39.800.000 đ
Honda,Future,2012,43000,Đã sử dụng,Xe số,100 - 175 cc,Đang cập nhật,Bảo hành hãng,15.000.000 đ
Yamaha,Jupiter,2012,37000,Đã sử dụng,Xe số,100 - 175 cc,Đang cập nhật,Bảo hành hãng,11.800.000 đ
Honda,Winner,2018,25000,Đã sử dụng,Tay côn/Moto,100 - 175 cc,Đang cập nhật,Bảo hành hãng,17.800.000 đ
Piaggio,Liberty,2015,34567,Đã sử dụng,Tay ga,100 - 175 cc,Việt Nam,Bảo hành hãng,13.500.000 đ
SYM,Attila,2006,25000,Đã sử dụng,Tay ga,100 - 175 cc,Đang cập nhật,Bảo hành hãng,2.400.000 đ
Yamaha,Nouvo,2012,29000,Đã sử dụng,Tay ga,100 - 175 cc,Đang cập nhật,Bảo hành hãng,9.900.000 đ
Honda,Sonic,2019,30,Đã sử dụng,Xe số,100 - 175 cc,Đang cập nhật,Bảo hành hãng,28.000.000 đ
SYM,Joyride,2011,25000,Đã sử dụng,Tay ga,100 - 175 cc,Đang cập nhật,Bảo hành hãng,5.300.000 đ
Piaggio,Sprint,2015,18000,Đã sử dụng,Tay ga,100 - 175 cc,Đang cập nhật,Bảo hành hãng,33.500.000 đ
Honda,SCR,2008,25689,Đã sử dụng,Tay ga,Trên 175 cc,Đang cập nhật,Bảo hành hãng,5.200.000 đ
Honda,Air Blade,2010,47000,Đã sử dụng,Tay ga,100 - 175 cc,Đang cập nhật,Bảo hành hãng,14.500.000 đ
Honda,CBR,2021,10000,Đã sử dụng,Tay côn/Moto,Trên 175 cc,Đang cập nhật,Bảo hành hãng,68.000.000 đ
Yamaha,Sirius,2010,656898,Đã sử dụng,Xe số,50 - 100 cc,Đang cập nhật,Bảo hành hãng,3.900.000 đ
Honda,Air Blade,2009,19,Đã sử dụng,Tay ga,100 - 175 cc,Đang cập nhật,Bảo hành hãng,21.400.000 đ
Yamaha,Exciter,2021,26000,Đã sử dụng,Xe số,100 - 175 cc,Việt Nam,Bảo hành hãng,25.000.000 đ
Yamaha,Jupiter,2009,1,Đã sử dụng,Xe số,100 - 175 cc,Đang cập nhật,Bảo hành hãng,6.500.000 đ
Honda,SH,2011,180000,Đã sử dụng,Tay ga,100 - 175 cc,Đang cập nhật,Bảo hành hãng,229.000.000 đ
GPX,Legend 200,2020,4000,Đã sử dụng,Xe số,100 - 175 cc,Đang cập nhật,Bảo hành hãng,38.500.000 đ
Kawasaki,Ninja,2016,30,Đã sử dụng,Tay côn/Moto,Trên 175 cc,Đang cập nhật,Bảo hành hãng,59.500.000 đ
Honda,Future,2018,25000,Đã sử dụng,Xe số,100 - 175 cc,Đang cập nhật,Bảo hành hãng,19.500.000 đ
Honda,Air Blade,2021,3000,Đã sử dụng,Tay ga,100 - 175 cc,Đang cập nhật,Bảo hành hãng,47.500.000 đ
Honda,Wave,2011,22222,Đã sử dụng,Xe số,100 - 175 cc,Đang cập nhật,Bảo hành hãng,9.800.000 đ
Suzuki,Raider,2015,34546,Đã sử dụng,Tay côn/Moto,100 - 175 cc,Đang cập nhật,Bảo hành hãng,17.500.000 đ
Honda,Air Blade,2017,30000,Đã sử dụng,Tay ga,100 - 175 cc,Đang cập nhật,Bảo hành hãng,27.000.000 đ
GPX,Demon 150GR,2019,3000,Đã sử dụng,Tay côn/Moto,100 - 175 cc,Đang cập nhật,Bảo hành hãng,32.000.000 đ
Piaggio,Vespa,2009,39,Đã sử dụng,Tay ga,100 - 175 cc,Đang cập nhật,Bảo hành hãng,7.500.000 đ
Honda,Wave,2007,3166,Đã sử dụng,Xe số,100 - 175 cc,Đang cập nhật,Bảo hành hãng,10.600.000 đ
Honda,Sonic,2022,2000,Đã sử dụng,Tay côn/Moto,100 - 175 cc,Đang cập nhật,Bảo hành hãng,38.000.000 đ
Honda,Wave,2002,33000,Đã sử dụng,Xe số,50 - 100 cc,Đang cập nhật,Bảo hành hãng,22.000.000 đ
Honda,Dòng khác,2019,24,Đã sử dụng,Tay côn/Moto,Trên 175 cc,Đang cập nhật,Bảo hành hãng,158.000.000 đ
Hãng khác,Dòng khác,2015,25000,Đã sử dụng,Xe số,100 - 175 cc,Đang cập nhật,Bảo hành hãng,5.200.000 đ
Honda,Sonic,2018,30000,Đã sử dụng,Tay côn/Moto,100 - 175 cc,Đang cập nhật,Bảo hành hãng,34.500.000 đ
Honda,Wave,2010,300000,Đã sử dụng,Xe số,100 - 175 cc,Đang cập nhật,Bảo hành hãng,4.000.000 đ
Honda,SH Mode,2021,2558,Đã sử dụng,Tay ga,100 - 175 cc,Đang cập nhật,Bảo hành hãng,31.500.000 đ
Honda,Wave,2008,5,Đã sử dụng,Xe số,100 - 175 cc,Đang cập nhật,Bảo hành hãng,11.500.000 đ
Kawasaki,Z900,2018,10800,Đã sử dụng,Tay côn/Moto,Trên 175 cc,Đang cập nhật,Bảo hành hãng,188.000 đ
Yamaha,Exciter,2022,4400,Đã sử dụng,Tay côn/Moto,100 - 175 cc,Việt Nam,Bảo hành hãng,35.000.000 đ
Honda,Vision,2018,8000,Đã sử dụng,Tay ga,100 - 175 cc,Đang cập nhật,Bảo hành hãng,26.000.000 đ
Honda,Wave,2004,150,Đã sử dụng,Xe số,100 - 175 cc,Đang cập nhật,Bảo hành hãng,66.000.000 đ
Suzuki,Raider,2018,30,Đã sử dụng,Xe số,100 - 175 cc,Đang cập nhật,Bảo hành hãng,24.000.000 đ
Yamaha,R,2018,5600,Đã sử dụng,Tay côn/Moto,100 - 175 cc,Đang cập nhật,Bảo hành hãng,36.800.000 đ
Yamaha,Exciter,2018,26336,Đã sử dụng,Tay côn/Moto,100 - 175 cc,Đang cập nhật,Bảo hành hãng,25.000.000 đ
Honda,Click,2011,18000,Đã sử dụng,Tay ga,100 - 175 cc,Đang cập nhật,Bảo hành hãng,6.500.000 đ
Yamaha,Exciter,2018,12345,Đã sử dụng,Tay côn/Moto,100 - 175 cc,Đang cập nhật,Bảo hành hãng,26.500.000 đ
Honda,Vario,2022,1600,Đã sử dụng,Tay ga,100 - 175 cc,Đang cập nhật,Bảo hành hãng,47.800.000 đ
Yamaha,TFX,2018,12000,Đã sử dụng,Tay côn/Moto,100 - 175 cc,Đang cập nhật,Bảo hành hãng,35.000.000 đ
Hãng khác,Dòng khác,2004,60000,Đã sử dụng,Xe số,50 - 100 cc,Đang cập nhật,Bảo hành hãng,3.000.000 đ
Honda,Lead,2018,40000,Đã sử dụng,Tay ga,100 - 175 cc,Đang cập nhật,Bảo hành hãng,27.000.000 đ
Honda,Air Blade,2016,36868,Đã sử dụng,Tay ga,100 - 175 cc,Đang cập nhật,Bảo hành hãng,20.800.000 đ
Piaggio,Liberty,2018,2560,Đã sử dụng,Tay ga,100 - 175 cc,Đang cập nhật,Bảo hành hãng,10.600.000 đ
Suzuki,Sport / Xipo,2023,123456,Đã sử dụng,Xe số,100 - 175 cc,Đang cập nhật,Bảo hành hãng,16.500.000 đ
Honda,Air Blade,2022,2000,Đã sử dụng,Tay ga,100 - 175 cc,Đang cập nhật,Bảo hành hãng,39.000.000 đ
Honda,Dream,2013,1010,Đã sử dụng,Xe số,50 - 100 cc,Đang cập nhật,Bảo hành hãng,22.000.000 đ
Honda,Dream,2000,12,Đã sử dụng,Xe số,100 - 175 cc,Đang cập nhật,Bảo hành hãng,17.200.000 đ
Yamaha,Exciter,2017,21000,Đã sử dụng,Tay côn/Moto,100 - 175 cc,Đang cập nhật,Bảo hành hãng,25.700.000 đ
Honda,Lead,2016,186000,Đã sử dụng,Tay ga,100 - 175 cc,Đang cập nhật,Bảo hành hãng,18.600.000 đ
Honda,Wave,2010,9999,Đã sử dụng,Xe số,100 - 175 cc,Đang cập nhật,Bảo hành hãng,5.200.000 đ
Yamaha,Mio,2013,12,Đã sử dụng,Tay ga,100 - 175 cc,Đang cập nhật,Bảo hành hãng,11.700.000 đ
Piaggio,Liberty,2012,12000,Đã sử dụng,Tay ga,100 - 175 cc,Đang cập nhật,Bảo hành hãng,12.500.000 đ
Piaggio,Liberty,2016,12,Đã sử dụng,Tay ga,100 - 175 cc,Đang cập nhật,Bảo hành hãng,26.500.000 đ
Yamaha,Nouvo,2012,6868,Đã sử dụng,Tay ga,100 - 175 cc,Đang cập nhật,Bảo hành hãng,5.400.000 đ
Honda,Wave,2014,25000,Đã sử dụng,Xe số,100 - 175 cc,Đang cập nhật,Bảo hành hãng,12.800.000 đ
Honda,Wave,2017,18000,Đã sử dụng,Xe số,100 - 175 cc,2,Đang cập nhật,12.800.000 đ
Ducati,Monster,2021,3600,Đã sử dụng,Tay côn/Moto,100 - 175 cc,Đang cập nhật,Bảo hành hãng,11.000.000 đ
Honda,Wave,2011,250000,Đã sử dụng,Xe số,100 - 175 cc,Đang cập nhật,Bảo hành hãng,7.700.000 đ
Honda,Wave,2005,30000,Đã sử dụng,Xe số,100 - 175 cc,Đang cập nhật,Bảo hành hãng,21.000.000 đ
Yamaha,Mio,2012,15000,Đã sử dụng,Tay ga,100 - 175 cc,Việt Nam,Bảo hành hãng,16.500.000 đ
Yamaha,Nouvo,2015,19000,Đã sử dụng,Tay ga,100 - 175 cc,Đang cập nhật,Bảo hành hãng,12.700.000 đ
Yamaha,Sirius,2013,50000,Đã sử dụng,Xe số,100 - 175 cc,Đang cập nhật,Bảo hành hãng,5.800.000 đ
Honda,Cub,2019,2586,Đã sử dụng,Xe số,Dưới 50 cc,Đang cập nhật,Bảo hành hãng,11.800.000 đ
Yamaha,Nvx,2021,6944,Đã sử dụng,Tay ga,100 - 175 cc,Đang cập nhật,Bảo hành hãng,40.500.000 đ
SYM,Attila,2011,40000,Đã sử dụng,Tay ga,100 - 175 cc,Đang cập nhật,Bảo hành hãng,3.700.000 đ
Piaggio,GTS,2013,15000,Đã sử dụng,Tay ga,100 - 175 cc,Đang cập nhật,Bảo hành hãng,57.800.000 đ
Honda,Winner X,2022,2400,Đã sử dụng,Tay côn/Moto,100 - 175 cc,Đang cập nhật,Bảo hành hãng,24.800.000 đ
Honda,Wave,2002,12345,Đã sử dụng,Xe số,100 - 175 cc,Đang cập nhật,Bảo hành hãng,13.500.000 đ
Yamaha,Sirius,2021,7000,Đã sử dụng,Xe số,50 - 100 cc,Đang cập nhật,Bảo hành hãng,11.500.000 đ
Yamaha,Luvias,2013,1,Đã sử dụng,Tay ga,100 - 175 cc,Đang cập nhật,Bảo hành hãng,12.500.000 đ
Hãng khác,Dòng khác,2005,15,Đã sử dụng,Xe số,100 - 175 cc,Đang cập nhật,Bảo hành hãng,8.500.000 đ
Honda,Air Blade,2010,96000,Đã sử dụng,Tay ga,100 - 175 cc,Đang cập nhật,Bảo hành hãng,18.000.000 đ
Honda,PCX,2016,3650,Đã sử dụng,Tay ga,100 - 175 cc,Đang cập nhật,Bảo hành hãng,15.600.000 đ
Yamaha,R,2022,2180,Đã sử dụng,Tay côn/Moto,100 - 175 cc,Đang cập nhật,Bảo hành hãng,40.600.000 đ
Yamaha,Sirius,2017,60000,Đã sử dụng,Xe số,100 - 175 cc,Đang cập nhật,Bảo hành hãng,9.000.000 đ
MV Agusta,Dòng khác,2019,8000,Đã sử dụng,Tay côn/Moto,100 - 175 cc,Thái Lan,Bảo hành hãng,16.500.000 đ
Suzuki,Axelo,2016,19000,Đã sử dụng,Xe số,100 - 175 cc,Đang cập nhật,Bảo hành hãng,9.200.000 đ
Honda,Air Blade,2018,20000,Đã sử dụng,Tay ga,100 - 175 cc,Đang cập nhật,Bảo hành hãng,14.500.000 đ
Hãng khác,Dòng khác,2009,70600,Đã sử dụng,Tay ga,100 - 175 cc,Đang cập nhật,Bảo hành hãng,15.000.000 đ
Honda,Wave,2015,100000,Đã sử dụng,Xe số,100 - 175 cc,Đang cập nhật,Bảo hành hãng,4.500.000 đ
Honda,Future,2019,11000,Đã sử dụng,Xe số,100 - 175 cc,Đang cập nhật,Bảo hành hãng,28.500.000 đ
Honda,Wave,2009,20003,Đã sử dụng,Xe số,100 - 175 cc,Đang cập nhật,Bảo hành hãng,13.500.000 đ
Honda,SH,2009,33000,Đã sử dụng,Tay ga,100 - 175 cc,Đang cập nhật,Bảo hành hãng,40.800.000 đ
GPX,Demon 150GR,2021,11000,Đã sử dụng,Tay côn/Moto,Trên 175 cc,Đang cập nhật,Bảo hành hãng,49.800.000 đ
Honda,Air Blade,2018,999,Đã sử dụng,Tay ga,100 - 175 cc,Đang cập nhật,Bảo hành hãng,21.600.000 đ
Honda,SH,2021,5000,Đã sử dụng,Tay ga,100 - 175 cc,Đang cập nhật,Bảo hành hãng,94.000.000 đ
Bazan,Dòng khác,2009,60000,Đã sử dụng,Xe số,100 - 175 cc,Đang cập nhật,Bảo hành hãng,4.400.000 đ
Honda,Lead,2012,1668,Đã sử dụng,Tay ga,100 - 175 cc,Nhật Bản,Bảo hành hãng,9.500.000 đ
Honda,Wave,2016,200000,Đã sử dụng,Xe số,100 - 175 cc,Đang cập nhật,Bảo hành hãng,2.800.000 đ
Yamaha,Jupiter,2007,99999,Đã sử dụng,Xe số,100 - 175 cc,Đang cập nhật,Bảo hành hãng,5.000.000 đ
Honda,Wave,2019,5,Đã sử dụng,Xe số,100 - 175 cc,Đang cập nhật,Bảo hành hãng,12.500.000 đ
Yamaha,Exciter,2012,38000,Đã sử dụng,Tay côn/Moto,100 - 175 cc,Đang cập nhật,Bảo hành hãng,20.600.000 đ
SYM,Elizabeth,2012,24000,Đã sử dụng,Tay ga,100 - 175 cc,Đang cập nhật,Bảo hành hãng,4.500.000 đ
Honda,67,trước năm 1980,12888,Đã sử dụng,Xe số,50 - 100 cc,Đang cập nhật,Bảo hành hãng,16.000.000 đ
SYM,Elegant,2022,3939,Đã sử dụng,Xe số,Dưới 50 cc,Đang cập nhật,Bảo hành hãng,11.800.000 đ
SYM,Angela,2012,25000,Đã sử dụng,Xe số,100 - 175 cc,Đang cập nhật,Bảo hành hãng,6.200.000 đ
Yamaha,Exciter,2017,24,Đã sử dụng,Tay côn/Moto,100 - 175 cc,Đang cập nhật,Bảo hành hãng,23.500.000 đ
Piaggio,Liberty,2012,16800,Đã sử dụng,Tay ga,100 - 175 cc,Đang cập nhật,Bảo hành hãng,7.600.000 đ
Suzuki,Impulse,2015,25000,Đã sử dụng,Tay ga,100 - 175 cc,Nhật Bản,Bảo hành hãng,8.800.000 đ
Yamaha,Janus,2020,8399,Đã sử dụng,Tay ga,100 - 175 cc,Đang cập nhật,Bảo hành hãng,14.500.000 đ
Piaggio,Zip,2010,25000,Đã sử dụng,Tay ga,100 - 175 cc,Đang cập nhật,Bảo hành hãng,9.500.000 đ
Aprilia,Dòng khác,2005,399999,Đã sử dụng,Xe số,50 - 100 cc,Đang cập nhật,Bảo hành hãng,3.900.000 đ
Honda,Vario,2021,9400,Đã sử dụng,Tay ga,100 - 175 cc,Đang cập nhật,Bảo hành hãng,37.000.000 đ
Yamaha,Jupiter,2009,25000,Đã sử dụng,Xe số,100 - 175 cc,Đang cập nhật,Bảo hành hãng,11.800.000 đ
Honda,Air Blade,2012,33000,Đã sử dụng,Tay ga,100 - 175 cc,Đang cập nhật,Bảo hành hãng,14.500.000 đ
Yamaha,Mio,2011,13579,Đã sử dụng,Tay ga,100 - 175 cc,Đang cập nhật,Bảo hành hãng,7.500.000 đ
Honda,SH Mode,2018,17000,Đã sử dụng,Tay ga,100 - 175 cc,Đang cập nhật,Bảo hành hãng,47.500.000 đ
Honda,Wave,2022,2700,Đã sử dụng,Xe số,100 - 175 cc,Đang cập nhật,Bảo hành hãng,18.400.000 đ
Piaggio,Vespa S125,2013,22222,Đã sử dụng,Tay ga,100 - 175 cc,Đang cập nhật,Bảo hành hãng,19.500.000 đ
Honda,Lead,2020,2000,Đã sử dụng,Xe số,Trên 175 cc,Việt Nam,Bảo hành hãng,34.000.000 đ
Honda,Future,2018,12,Đã sử dụng,Xe số,100 - 175 cc,Đang cập nhật,Bảo hành hãng,25.000.000 đ
Honda,Wave,2016,99999,Đã sử dụng,Xe số,100 - 175 cc,Đang cập nhật,Bảo hành hãng,9.800.000 đ
Yamaha,Mio,2010,200000,Đã sử dụng,Tay ga,100 - 175 cc,Đang cập nhật,Bảo hành hãng,3.800.000 đ
Hãng khác,Dòng khác,2017,8989,Đã sử dụng,Xe số,Dưới 50 cc,Đang cập nhật,Bảo hành hãng,6.900.000 đ
Honda,Air Blade,2015,30000,Đã sử dụng,Tay ga,50 - 100 cc,Đang cập nhật,Bảo hành hãng,23.800.000 đ
Honda,Air Blade,2011,24,Đã sử dụng,Tay ga,100 - 175 cc,Đang cập nhật,Bảo hành hãng,12.400.000 đ
Yamaha,Nouvo,2014,20000,Đã sử dụng,Tay ga,100 - 175 cc,Đang cập nhật,Bảo hành hãng,4.000.000 đ
Yamaha,Jupiter,2009,6666,Đã sử dụng,Xe số,100 - 175 cc,Đang cập nhật,Bảo hành hãng,8.500.000 đ
Sanda,Dòng khác,2006,123456,Đã sử dụng,Xe số,100 - 175 cc,Đang cập nhật,Bảo hành hãng,5.000.000 đ
Yamaha,Grande,2018,13800,Đã sử dụng,Tay ga,100 - 175 cc,Đang cập nhật,Bảo hành hãng,20.900.000 đ
Honda,Winner X,2021,2000,Đã sử dụng,Tay côn/Moto,100 - 175 cc,Đang cập nhật,Bảo hành hãng,22.500.000 đ
SYM,Angela,2008,5468,Đã sử dụng,Xe số,100 - 175 cc,Đang cập nhật,Bảo hành hãng,1.850.000 đ
Honda,Air Blade,2011,23456,Đã sử dụng,Tay ga,100 - 175 cc,Đang cập nhật,Bảo hành hãng,13.300.000 đ
Piaggio,ET8,2001,20000,Đã sử dụng,Tay ga,100 - 175 cc,Đang cập nhật,Bảo hành hãng,13.000.000 đ
SYM,Husky,2018,8000,Đã sử dụng,Tay côn/Moto,100 - 175 cc,Đang cập nhật,Bảo hành hãng,30.000.000 đ
SYM,Attila,2010,57800,Đã sử dụng,Tay ga,100 - 175 cc,Đang cập nhật,Bảo hành hãng,2.500.000 đ
Honda,Dòng khác,1990,123456,Đã sử dụng,Xe số,100 - 175 cc,Đang cập nhật,Bảo hành hãng,4.900.000 đ
Piaggio,LX,2010,12000,Đã sử dụng,Tay ga,100 - 175 cc,Đang cập nhật,Bảo hành hãng,12.700.000 đ
Honda,SH Mode,2022,5000,Đã sử dụng,Tay ga,100 - 175 cc,Đang cập nhật,Bảo hành hãng,65.000.000 đ
Kawasaki,Z800,2015,32000,Đã sử dụng,Tay côn/Moto,Trên 175 cc,Đang cập nhật,Bảo hành hãng,138.000.000 đ
Honda,SH,2008,370000,Đã sử dụng,Tay ga,100 - 175 cc,Đang cập nhật,Bảo hành hãng,62.000.000 đ
Piaggio,Vespa,2014,6000,Đã sử dụng,Tay ga,100 - 175 cc,Đang cập nhật,Bảo hành hãng,9.000.000 đ
Honda,SH,2013,8888,Đã sử dụng,Tay ga,100 - 175 cc,Đang cập nhật,Bảo hành hãng,58.000.000 đ
Honda,SH,2021,25000,Đã sử dụng,Xe số,100 - 175 cc,Việt Nam,Bảo hành hãng,93.000.000 đ
Yamaha,Nvx,2018,15,Đã sử dụng,Tay ga,100 - 175 cc,Đang cập nhật,Bảo hành hãng,21.500.000 đ
Honda,Dream,2007,30000,Đã sử dụng,Xe số,50 - 100 cc,Đang cập nhật,Bảo hành hãng,3.500.000 đ
Yamaha,Nouvo,2010,20000,Đã sử dụng,Tay ga,100 - 175 cc,Đang cập nhật,Bảo hành hãng,6.400.000 đ
Honda,Future,2011,20000,Đã sử dụng,Xe số,100 - 175 cc,Đang cập nhật,Bảo hành hãng,49.800.000 đ
Honda,Wave,2015,18000,Đã sử dụng,Xe số,100 - 175 cc,Đang cập nhật,Bảo hành hãng,4.900.000 đ
Honda,Lead,2009,1500,Đã sử dụng,Tay ga,50 - 100 cc,Đang cập nhật,Bảo hành hãng,8.000.000 đ
Honda,Wave,2023,29,Đã sử dụng,Xe số,100 - 175 cc,Việt Nam,Bảo hành hãng,49.000.000 đ
Honda,Wave,2021,1,Đã sử dụng,Xe số,100 - 175 cc,Việt Nam,Bảo hành hãng,14.500.000 đ
Hãng khác,Dòng khác,2010,22000,Đã sử dụng,Xe số,50 - 100 cc,Đang cập nhật,Bảo hành hãng,6.200.000 đ
Taya,Hunter City,2018,14000,Đã sử dụng,Tay côn/Moto,100 - 175 cc,Đang cập nhật,Bảo hành hãng,14.000.000 đ
Honda,Winner,2017,10000,Đã sử dụng,Tay ga,100 - 175 cc,Đang cập nhật,Bảo hành hãng,19.900.000 đ
Honda,CBR,2019,10000,Đã sử dụng,Tay côn/Moto,50 - 100 cc,Trung Quốc,Bảo hành hãng,8.000.000 đ
Suzuki,Hayate,2008,2668,Đã sử dụng,Tay ga,100 - 175 cc,Đang cập nhật,Bảo hành hãng,4.700.000 đ
Honda,Wave,2010,16,Đã sử dụng,Xe số,100 - 175 cc,Đang cập nhật,Bảo hành hãng,6.200.000 đ
SYM,Elegant,2020,6552,Đã sử dụng,Xe số,50 - 100 cc,Đang cập nhật,Bảo hành hãng,11.000.000 đ
Honda,Vario,2021,88888,Đã sử dụng,Tay ga,Trên 175 cc,Đang cập nhật,Bảo hành hãng,45.500.000 đ
Honda,Vision,2020,123,Đã sử dụng,Tay ga,100 - 175 cc,Đang cập nhật,Bảo hành hãng,25.500.000 đ
Suzuki,Satria,2022,4500,Đã sử dụng,Tay côn/Moto,100 - 175 cc,Đang cập nhật,Bảo hành hãng,36.000.000 đ
Honda,Vario,2019,25,Đã sử dụng,Tay ga,100 - 175 cc,Đang cập nhật,Bảo hành hãng,33.500.000 đ
Yamaha,Latte,2022,900,Đã sử dụng,Tay ga,100 - 175 cc,Đang cập nhật,Bảo hành hãng,21.600.000 đ
Yamaha,Exciter,2014,397989,Đã sử dụng,Tay côn/Moto,100 - 175 cc,Đang cập nhật,Bảo hành hãng,22.800.000 đ
Honda,Chaly,1996,94949,Đã sử dụng,Xe số,Dưới 50 cc,Nhật Bản,Bảo hành hãng,3.600.000 đ
Yamaha,Sirius,2009,35000,Đã sử dụng,Xe số,100 - 175 cc,Việt Nam,Bảo hành hãng,10.500.000 đ
Honda,Air Blade,2022,1170,Đã sử dụng,Tay ga,100 - 175 cc,Đang cập nhật,Bảo hành hãng,1.000.000 đ
Honda,SH,2008,123,Đã sử dụng,Tay ga,100 - 175 cc,Đang cập nhật,Bảo hành hãng,98.000.000 đ
Yamaha,Jupiter,2014,18000,Đã sử dụng,Xe số,50 - 100 cc,Nhật Bản,Bảo hành hãng,14.500.000 đ
Honda,Wave,2009,15,Đã sử dụng,Xe số,100 - 175 cc,Đang cập nhật,Bảo hành hãng,9.300.000 đ
Yamaha,Nvx,2018,110000,Đã sử dụng,Tay ga,100 - 175 cc,Đang cập nhật,Bảo hành hãng,23.800.000 đ
Honda,Air Blade,2011,25800,Đã sử dụng,Tay ga,100 - 175 cc,Đang cập nhật,Bảo hành hãng,9.700.000 đ
Honda,Vision,2016,28000,Đã sử dụng,Tay ga,100 - 175 cc,Đang cập nhật,Bảo hành hãng,22.500.000 đ
Honda,Lead,2019,6600,Đã sử dụng,Tay ga,100 - 175 cc,Việt Nam,Bảo hành hãng,31.000.000 đ
Piaggio,Vespa,2016,30,Đã sử dụng,Tay ga,100 - 175 cc,Đang cập nhật,Bảo hành hãng,38.500.000 đ
Suzuki,Raider,2018,28,Đã sử dụng,Tay côn/Moto,100 - 175 cc,Đang cập nhật,Bảo hành hãng,19.500.000 đ
Ducati,Monster,2013,25000,Đã sử dụng,Tay côn/Moto,Trên 175 cc,Nước khác,Bảo hành hãng,94.000.000 đ
Honda,Air Blade,2011,40000,Đã sử dụng,Tay ga,100 - 175 cc,Đang cập nhật,Bảo hành hãng,18.500.000 đ
Honda,Wave,2001,94,Đã sử dụng,Xe số,50 - 100 cc,Đang cập nhật,Bảo hành hãng,2.800.000 đ
Ducati,Hypermotard,2019,25855,Đã sử dụng,Tay côn/Moto,Trên 175 cc,Đang cập nhật,Bảo hành hãng,325.000.000 đ
Honda,Air Blade,2010,25000,Đã sử dụng,Tay ga,100 - 175 cc,Đang cập nhật,Bảo hành hãng,15.500.000 đ
Piaggio,Vespa,2017,41000,Đã sử dụng,Tay ga,100 - 175 cc,Đang cập nhật,Bảo hành hãng,42.000.000 đ
Detech,Espero,2017,5000,Đã sử dụng,Tay côn/Moto,100 - 175 cc,Đang cập nhật,Bảo hành hãng,13.500.000 đ
Yamaha,Exciter,2019,27,Đã sử dụng,Xe số,100 - 175 cc,Đang cập nhật,Bảo hành hãng,30.000.000 đ
Yamaha,Exciter,2015,22225,Đã sử dụng,Tay côn/Moto,100 - 175 cc,Đang cập nhật,Bảo hành hãng,22.500.000 đ
Yamaha,Grande,2018,33478,Đã sử dụng,Tay ga,100 - 175 cc,Đang cập nhật,Bảo hành hãng,23.000.000 đ
Honda,SH,2017,16000,Đã sử dụng,Tay ga,Trên 175 cc,Đang cập nhật,Bảo hành hãng,180.000.000 đ
Yamaha,Nouvo,2015,48000,Đã sử dụng,Tay ga,100 - 175 cc,Đang cập nhật,Bảo hành hãng,13.500.000 đ
Ducati,Scrambler,2016,18000,Đã sử dụng,Tay côn/Moto,Trên 175 cc,Đang cập nhật,Bảo hành hãng,200.000.000 đ
Piaggio,Liberty,2016,21908,Đã sử dụng,Tay ga,100 - 175 cc,Việt Nam,Bảo hành hãng,21.500.000 đ
Yamaha,Sirius,2021,1233,Đã sử dụng,Xe số,100 - 175 cc,Đang cập nhật,Bảo hành hãng,29.888.888 đ
Yamaha,Exciter,2020,4578,Đã sử dụng,Tay côn/Moto,100 - 175 cc,Đang cập nhật,Bảo hành hãng,30.000.000 đ
Honda,CBR,2022,17000,Đã sử dụng,Tay côn/Moto,100 - 175 cc,Đang cập nhật,Bảo hành hãng,55.000.000 đ
Honda,Air Blade,2010,7979,Đã sử dụng,Tay ga,100 - 175 cc,Đang cập nhật,Bảo hành hãng,23.500.000 đ
Honda,Dream,2011,999,Đã sử dụng,Xe số,100 - 175 cc,Đang cập nhật,Bảo hành hãng,6.500.000 đ
Peugeot,Django,2018,17000,Đã sử dụng,Tay ga,100 - 175 cc,Đang cập nhật,Bảo hành hãng,33.500.000 đ
Yamaha,Sirius,2023,2560,Đã sử dụng,Xe số,100 - 175 cc,Đang cập nhật,Bảo hành hãng,12.500.000 đ
Detech,Espero,2021,3000,Đã sử dụng,Xe số,Dưới 50 cc,Việt Nam,Bảo hành hãng,13.800.000 đ
Piaggio,Liberty,2015,6000,Đã sử dụng,Tay ga,100 - 175 cc,Việt Nam,Bảo hành hãng,8.000.000 đ
Honda,Win,1992,555555,Đã sử dụng,Xe số,100 - 175 cc,Đang cập nhật,Bảo hành hãng,20.000.000 đ
Piaggio,Liberty,2011,22000,Đã sử dụng,Tay ga,100 - 175 cc,Đang cập nhật,Bảo hành hãng,12.500.000 đ
Honda,SH,2005,5555,Đã sử dụng,Tay ga,100 - 175 cc,Đang cập nhật,Bảo hành hãng,27.999.999 đ
Yamaha,Sirius,2012,77777,Đã sử dụng,Xe số,100 - 175 cc,Đang cập nhật,Bảo hành hãng,11.500.000 đ
Yamaha,Jupiter,2006,15000,Đã sử dụng,Xe số,100 - 175 cc,Đang cập nhật,Bảo hành hãng,4.800.000 đ
Yamaha,Exciter,2018,50000,Đã sử dụng,Tay côn/Moto,100 - 175 cc,Đang cập nhật,Bảo hành hãng,21.000.000 đ
Honda,Air Blade,2008,44168,Đã sử dụng,Tay ga,100 - 175 cc,Đang cập nhật,Bảo hành hãng,20.500.000 đ
Yamaha,Luvias,2011,29000,Đã sử dụng,Tay ga,100 - 175 cc,Đang cập nhật,Bảo hành hãng,8.000.000 đ
Honda,Wave,2010,9867,Đã sử dụng,Xe số,50 - 100 cc,Đang cập nhật,Bảo hành hãng,12.800.000 đ
BMW,Dòng khác,2022,2,Đã sử dụng,Tay côn/Moto,Trên 175 cc,Đang cập nhật,Bảo hành hãng,550.000.000 đ
Honda,SH,2014,64000,Đã sử dụng,Tay ga,Trên 175 cc,Đang cập nhật,Bảo hành hãng,36.000.000 đ
Honda,Air Blade,2013,400000,Đã sử dụng,Tay ga,50 - 100 cc,Đang cập nhật,Bảo hành hãng,15.000.000 đ
Yamaha,Nouvo,2009,30000,Đã sử dụng,Tay ga,100 - 175 cc,Đang cập nhật,Bảo hành hãng,4.500.000 đ
Suzuki,Hayate,2015,123456,Đã sử dụng,Tay ga,100 - 175 cc,Đang cập nhật,Bảo hành hãng,5.600.000 đ
Piaggio,Vespa,2012,28600,Đã sử dụng,Tay ga,100 - 175 cc,Đang cập nhật,Bảo hành hãng,7.800.000 đ
Yamaha,Exciter,2018,49000,Đã sử dụng,Tay côn/Moto,100 - 175 cc,Đang cập nhật,Bảo hành hãng,23.000.000 đ
Honda,Wave,2008,2600,Đã sử dụng,Xe số,100 - 175 cc,Việt Nam,Bảo hành hãng,4.800.000 đ
Honda,Lead,2019,16000,Đã sử dụng,Tay ga,Trên 175 cc,Đang cập nhật,Bảo hành hãng,32.000.000 đ
Yamaha,MT,2022,3000,Đã sử dụng,Tay côn/Moto,100 - 175 cc,Đang cập nhật,Bảo hành hãng,54.500.000 đ
Honda,Spacy,1999,10,Đã sử dụng,Tay ga,100 - 175 cc,Đang cập nhật,Bảo hành hãng,33.300.000 đ
Yamaha,Mio,2006,5632,Đã sử dụng,Tay ga,100 - 175 cc,Đang cập nhật,Bảo hành hãng,10.800.000 đ
Honda,SCR,2009,79000,Đã sử dụng,Tay ga,100 - 175 cc,Đang cập nhật,Bảo hành hãng,5.500.000 đ
Yamaha,Exciter,2020,2200,Đã sử dụng,Tay côn/Moto,100 - 175 cc,Đang cập nhật,Bảo hành hãng,18.500.000 đ
Yamaha,Exciter,2013,2800,Đã sử dụng,Tay côn/Moto,100 - 175 cc,Đang cập nhật,Bảo hành hãng,11.500.000 đ
Honda,Wave,2020,10860,Đã sử dụng,Xe số,100 - 175 cc,Đang cập nhật,Bảo hành hãng,12.200.000 đ
Yamaha,Mio,2012,39,Đã sử dụng,Tay ga,100 - 175 cc,Đang cập nhật,Bảo hành hãng,12.000.000 đ
Yamaha,YB125,2021,2290,Đã sử dụng,Tay côn/Moto,100 - 175 cc,Đang cập nhật,Bảo hành hãng,26.800.000 đ
Honda,SH,2010,5000,Đã sử dụng,Tay ga,100 - 175 cc,Đang cập nhật,Bảo hành hãng,86.500.000 đ
Yamaha,Dòng khác,2010,12345,Đã sử dụng,Tay côn/Moto,100 - 175 cc,Đang cập nhật,Bảo hành hãng,9.800.000 đ
Honda,Air Blade,2016,500000,Đã sử dụng,Tay ga,100 - 175 cc,Đang cập nhật,Bảo hành hãng,28.000.000 đ
Honda,Dream,1995,123,Đã sử dụng,Xe số,50 - 100 cc,Đang cập nhật,Bảo hành hãng,23.500.000 đ
Piaggio,Liberty,2014,18658,Đã sử dụng,Tay ga,100 - 175 cc,Đang cập nhật,Bảo hành hãng,14.500.000 đ
Yamaha,Freego,2021,8932,Đã sử dụng,Tay ga,100 - 175 cc,Đang cập nhật,Bảo hành hãng,29.500.000 đ
Piaggio,Liberty,2017,21316,Đã sử dụng,Tay ga,100 - 175 cc,Đang cập nhật,Bảo hành hãng,26.800.000 đ
Honda,Winner,2018,18000,Đã sử dụng,Tay côn/Moto,100 - 175 cc,Đang cập nhật,Bảo hành hãng,26.500.000 đ
Suzuki,Raider,2018,20000,Đã sử dụng,Tay côn/Moto,100 - 175 cc,Đang cập nhật,Bảo hành hãng,25.500.000 đ
Honda,Wave,2008,60000,Đã sử dụng,Xe số,100 - 175 cc,Đang cập nhật,Bảo hành hãng,16.500.000 đ
Honda,SH,2022,2150,Đã sử dụng,Tay ga,100 - 175 cc,Đang cập nhật,Bảo hành hãng,76.000.000 đ
Kawasaki,W175,2021,1250,Đã sử dụng,Tay côn/Moto,100 - 175 cc,Đang cập nhật,Bảo hành hãng,46.500.000 đ
Yamaha,Sirius,2013,63000,Đã sử dụng,Xe số,100 - 175 cc,Đang cập nhật,Bảo hành hãng,8.000.000 đ
Honda,Winner X,2020,37000,Đã sử dụng,Tay côn/Moto,100 - 175 cc,Đang cập nhật,Bảo hành hãng,1.111.111 đ
Honda,PCX,2014,2600,Đã sử dụng,Tay ga,100 - 175 cc,Đang cập nhật,Bảo hành hãng,15.500.000 đ
Honda,Lead,2016,20000,Đã sử dụng,Tay ga,100 - 175 cc,Đang cập nhật,Bảo hành hãng,24.000.000 đ
Honda,Vario,2022,1560,Đã sử dụng,Tay ga,100 - 175 cc,Đang cập nhật,Bảo hành hãng,38.000.000 đ
Yamaha,FZ,2014,35000,Đã sử dụng,Tay côn/Moto,100 - 175 cc,Đang cập nhật,Bảo hành hãng,24.000.000 đ
Suzuki,Raider,2018,36000,Đã sử dụng,Tay côn/Moto,100 - 175 cc,Đang cập nhật,Bảo hành hãng,27.800.000 đ
Honda,SH Mode,2018,2500,Đã sử dụng,Tay ga,100 - 175 cc,Đang cập nhật,Bảo hành hãng,35.000.000 đ
Yamaha,Sirius,2012,29000,Đã sử dụng,Xe số,100 - 175 cc,Đang cập nhật,Bảo hành hãng,8.300.000 đ
Honda,Lead,2013,43000,Đã sử dụng,Tay ga,100 - 175 cc,Đang cập nhật,Bảo hành hãng,15.300.000 đ
Honda,Air Blade,2021,11000,Đã sử dụng,Tay ga,100 - 175 cc,Đang cập nhật,Bảo hành hãng,33.000.000 đ
Kymco,Dòng khác,2020,25000,Đã sử dụng,Tay ga,Dưới 50 cc,Đang cập nhật,Bảo hành hãng,16.500.000 đ
Honda,Winner,2020,2500,Đã sử dụng,Tay côn/Moto,100 - 175 cc,Đang cập nhật,Bảo hành hãng,14.000.000 đ
Suzuki,GZ,2019,20000,Đã sử dụng,Tay côn/Moto,100 - 175 cc,Đang cập nhật,Bảo hành hãng,49.500.000 đ
Honda,Forza 300,2020,14000,Đã sử dụng,Tay ga,Trên 175 cc,Đang cập nhật,Bảo hành hãng,87.000.000 đ
Yamaha,Mio,2009,1116,Đã sử dụng,Tay ga,50 - 100 cc,Đang cập nhật,Bảo hành hãng,5.900.000 đ
Yamaha,Sirius,2023,1560,Đã sử dụng,Xe số,100 - 175 cc,Đang cập nhật,Bảo hành hãng,10.500.000 đ
Honda,Dream,2005,12000,Đã sử dụng,Xe số,100 - 175 cc,Đang cập nhật,Bảo hành hãng,60.000.000 đ
Honda,Future,2011,2100,Đã sử dụng,Xe số,100 - 175 cc,Đang cập nhật,Bảo hành hãng,11.500.000 đ
Honda,Vision,2021,2200,Đã sử dụng,Tay ga,100 - 175 cc,Đang cập nhật,Bảo hành hãng,21.000.000 đ
Honda,Dream,1998,36,Đã sử dụng,Xe số,100 - 175 cc,Đang cập nhật,Bảo hành hãng,19.000.000 đ
Suzuki,Axelo,2013,24,Đã sử dụng,Tay côn/Moto,100 - 175 cc,Đang cập nhật,Bảo hành hãng,9.500.000 đ
